1,7
0,1,0,0,0,0,0
1,0,1,1,0,0,0
0,1,0,0,0,0,0
0,1,0,0,1,0,0
0,0,0,1,0,1,0
0,0,0,0,1,0,1
0,0,0,0,0,1,0
2,5
0,1,0,0,0
1,0,1,1,1
0,1,0,0,0
0,1,0,0,0
0,1,0,0,0
3,5
0,1,0,0,0
1,0,1,1,0
0,1,0,0,0
0,1,0,0,1
0,0,0,1,0
4,3
0,1,0
1,0,1
0,1,0
5,8
0,1,0,0,0,0,0,0
1,0,1,0,0,0,0,0
0,1,0,1,0,0,0,0
0,0,1,0,1,0,0,0
0,0,0,1,0,1,0,0
0,0,0,0,1,0,1,0
0,0,0,0,0,1,0,1
0,0,0,0,0,0,1,0
6,4
0,1,0,0
1,0,1,1
0,1,0,0
0,1,0,0
7,6
0,1,0,0,0,0
1,0,1,1,0,0
0,1,0,0,0,0
0,1,0,0,1,1
0,0,0,1,0,0
0,0,0,1,0,0
8,7
0,1,0,0,0,0,0
1,0,1,0,0,0,0
0,1,0,1,0,0,0
0,0,1,0,1,1,1
0,0,0,1,0,0,0
0,0,0,1,0,0,0
0,0,0,1,0,0,0
9,8
0,1,0,0,0,0,0,0
1,0,1,0,0,0,0,0
0,1,0,1,0,0,0,0
0,0,1,0,1,0,0,0
0,0,0,1,0,1,0,0
0,0,0,0,1,0,1,0
0,0,0,0,0,1,0,1
0,0,0,0,0,0,1,0
10,5
0,1,0,0,0
1,0,1,0,0
0,1,0,1,1
0,0,1,0,0
0,0,1,0,0
11,3
0,1,1
1,0,0
1,0,0
12,7
0,1,0,0,0,0,0
1,0,1,0,0,0,0
0,1,0,1,0,0,1
0,0,1,0,1,1,0
0,0,0,1,0,0,0
0,0,0,1,0,0,0
0,0,1,0,0,0,0
13,3
0,1,0
1,0,1
0,1,0
14,7
0,1,0,0,0,0,0
1,0,1,0,0,0,0
0,1,0,1,0,0,0
0,0,1,0,1,0,0
0,0,0,1,0,1,0
0,0,0,0,1,0,1
0,0,0,0,0,1,0
15,2
0,1
1,0
16,11
0,1,0,0,0,0,0,0,0,0,0
1,0,1,0,0,0,0,0,0,0,1
0,1,0,1,0,0,0,0,0,0,0
0,0,1,0,1,0,0,0,0,0,0
0,0,0,1,0,1,0,0,0,0,0
0,0,0,0,1,0,1,0,0,1,0
0,0,0,0,0,1,0,1,0,0,0
0,0,0,0,0,0,1,0,1,0,0
0,0,0,0,0,0,0,1,0,0,0
0,0,0,0,0,1,0,0,0,0,0
0,1,0,0,0,0,0,0,0,0,0
17,4
0,0,0,1
0,0,1,0
0,1,0,1
1,0,1,0
18,4
0,1,0,0
1,0,1,0
0,1,0,1
0,0,1,0
19,3
0,1,1
1,0,0
1,0,0
20,7
0,1,0,0,0,0,0
1,0,1,0,0,0,0
0,1,0,1,0,0,0
0,0,1,0,1,1,1
0,0,0,1,0,0,0
0,0,0,1,0,0,0
0,0,0,1,0,0,0
21,6
0,1,0,0,0,0
1,0,1,0,0,0
0,1,0,1,0,0
0,0,1,0,1,0
0,0,0,1,0,1
0,0,0,0,1,0
22,19
0,1,0,0,0,0,0,0,0,0,0,0,0,0,0,0,0,0,0
1,0,1,0,0,0,0,0,0,0,0,0,0,0,0,0,0,0,0
0,1,0,1,0,0,0,0,0,0,0,0,0,0,0,0,0,0,0
0,0,1,0,1,1,0,0,1,0,0,0,0,0,0,0,0,0,0
0,0,0,1,0,0,0,0,0,0,0,0,0,0,0,0,0,0,0
0,0,0,1,0,0,1,0,0,0,0,0,0,0,0,0,0,0,0
0,0,0,0,0,1,0,1,0,0,0,0,0,0,0,0,0,0,0
0,0,0,0,0,0,1,0,0,0,0,0,0,0,0,0,0,0,0
0,0,0,1,0,0,0,0,0,1,0,0,0,0,0,0,0,0,0
0,0,0,0,0,0,0,0,1,0,1,0,0,0,0,0,0,0,0
0,0,0,0,0,0,0,0,0,1,0,1,0,0,0,0,0,0,0
0,0,0,0,0,0,0,0,0,0,1,0,1,1,0,0,1,0,0
0,0,0,0,0,0,0,0,0,0,0,1,0,0,0,0,0,0,0
0,0,0,0,0,0,0,0,0,0,0,1,0,0,1,0,0,0,0
0,0,0,0,0,0,0,0,0,0,0,0,0,1,0,1,0,0,0
0,0,0,0,0,0,0,0,0,0,0,0,0,0,1,0,0,0,0
0,0,0,0,0,0,0,0,0,0,0,1,0,0,0,0,0,1,0
0,0,0,0,0,0,0,0,0,0,0,0,0,0,0,0,1,0,1
0,0,0,0,0,0,0,0,0,0,0,0,0,0,0,0,0,1,0
23,8
0,0,0,0,0,0,0,1
0,0,1,0,0,0,0,0
0,1,0,1,0,0,0,0
0,0,1,0,1,0,0,0
0,0,0,1,0,1,1,0
0,0,0,0,1,0,0,0
0,0,0,0,1,0,0,1
1,0,0,0,0,0,1,0
24,5
0,1,0,0,0
1,0,1,0,0
0,1,0,0,1
0,0,0,0,1
0,0,1,1,0
25,3
0,1,0
1,0,1
0,1,0
26,6
0,1,0,0,0,0
1,0,1,0,0,0
0,1,0,1,0,0
0,0,1,0,1,0
0,0,0,1,0,1
0,0,0,0,1,0
27,5
0,1,0,0,0
1,0,1,1,1
0,1,0,0,0
0,1,0,0,0
0,1,0,0,0
28,7
0,1,0,0,0,0,0
1,0,1,1,0,0,0
0,1,0,0,0,0,0
0,1,0,0,1,0,0
0,0,0,1,0,1,1
0,0,0,0,1,0,0
0,0,0,0,1,0,0
29,3
0,1,0
1,0,1
0,1,0
30,4
0,1,0,0
1,0,1,1
0,1,0,0
0,1,0,0
31,3
0,1,0
1,0,1
0,1,0
32,5
0,1,0,0,0
1,0,1,0,0
0,1,0,1,0
0,0,1,0,1
0,0,0,1,0
33,6
0,1,0,0,0,0
1,0,1,0,0,1
0,1,0,1,0,0
0,0,1,0,1,0
0,0,0,1,0,0
0,1,0,0,0,0
34,5
0,1,0,0,0
1,0,1,1,0
0,1,0,0,0
0,1,0,0,1
0,0,0,1,0
35,5
0,1,0,0,0
1,0,1,0,0
0,1,0,1,0
0,0,1,0,1
0,0,0,1,0
36,6
0,1,0,0,0,0
1,0,1,1,1,0
0,1,0,0,0,0
0,1,0,0,0,0
0,1,0,0,0,1
0,0,0,0,1,0
37,6
0,1,0,0,0,0
1,0,1,1,0,0
0,1,0,0,0,0
0,1,0,0,1,0
0,0,0,1,0,1
0,0,0,0,1,0
38,11
0,1,0,0,0,0,0,0,0,0,0
1,0,1,0,0,0,0,0,0,0,0
0,1,0,1,0,0,0,0,0,0,0
0,0,1,0,1,0,0,0,0,0,0
0,0,0,1,0,1,0,0,0,0,0
0,0,0,0,1,0,1,0,0,0,0
0,0,0,0,0,1,0,1,0,0,0
0,0,0,0,0,0,1,0,1,0,0
0,0,0,0,0,0,0,1,0,1,0
0,0,0,0,0,0,0,0,1,0,1
0,0,0,0,0,0,0,0,0,1,0
39,5
0,1,0,0,0
1,0,1,0,0
0,1,0,1,0
0,0,1,0,1
0,0,0,1,0
40,9
0,1,0,0,0,0,0,0,0
1,0,1,0,0,0,0,0,0
0,1,0,1,0,0,0,0,0
0,0,1,0,1,0,0,0,0
0,0,0,1,0,1,0,0,0
0,0,0,0,1,0,1,0,0
0,0,0,0,0,1,0,1,0
0,0,0,0,0,0,1,0,1
0,0,0,0,0,0,0,1,0
41,4
0,1,0,0
1,0,1,0
0,1,0,1
0,0,1,0
42,9
0,1,0,0,0,0,0,0,0
1,0,1,0,0,0,0,0,0
0,1,0,1,0,0,0,0,0
0,0,1,0,1,0,0,0,0
0,0,0,1,0,1,0,0,0
0,0,0,0,1,0,1,0,0
0,0,0,0,0,1,0,1,0
0,0,0,0,0,0,1,0,1
0,0,0,0,0,0,0,1,0
43,3
0,1,0
1,0,1
0,1,0
44,4
0,1,1,1
1,0,0,0
1,0,0,0
1,0,0,0
45,12
0,1,0,0,0,0,0,0,0,0,0,1
1,0,1,0,0,0,0,0,0,0,1,0
0,1,0,1,0,0,0,0,0,1,0,0
0,0,1,0,1,0,0,0,1,0,0,0
0,0,0,1,0,1,0,1,0,0,0,0
0,0,0,0,1,0,1,0,0,0,0,0
0,0,0,0,0,1,0,0,0,0,0,0
0,0,0,0,1,0,0,0,0,0,0,0
0,0,0,1,0,0,0,0,0,0,0,0
0,0,1,0,0,0,0,0,0,0,0,0
0,1,0,0,0,0,0,0,0,0,0,0
1,0,0,0,0,0,0,0,0,0,0,0
46,5
0,1,0,0,0
1,0,1,0,0
0,1,0,1,0
0,0,1,0,1
0,0,0,1,0
47,3
0,1,1
1,0,0
1,0,0
48,4
0,1,0,0
1,0,1,0
0,1,0,1
0,0,1,0
49,7
0,1,0,0,0,0,0
1,0,1,0,0,0,0
0,1,0,1,0,0,0
0,0,1,0,1,0,0
0,0,0,1,0,1,0
0,0,0,0,1,0,1
0,0,0,0,0,1,0
50,2
0,1
1,0
51,5
0,1,1,1,1
1,0,0,0,0
1,0,0,0,0
1,0,0,0,0
1,0,0,0,0
52,6
0,1,0,0,0,0
1,0,1,0,0,0
0,1,0,1,1,0
0,0,1,0,0,0
0,0,1,0,0,1
0,0,0,0,1,0
53,3
0,1,1
1,0,0
1,0,0
54,6
0,1,0,0,0,0
1,0,1,0,0,0
0,1,0,1,0,1
0,0,1,0,1,0
0,0,0,1,0,0
0,0,1,0,0,0
55,3
0,1,0
1,0,1
0,1,0
56,5
0,1,0,0,0
1,0,1,1,1
0,1,0,0,0
0,1,0,0,0
0,1,0,0,0
57,2
0,1
1,0
58,2
0,1
1,0
59,8
0,1,0,0,0,0,0,0
1,0,1,0,0,0,0,0
0,1,0,1,0,0,0,0
0,0,1,0,1,0,0,1
0,0,0,1,0,1,0,0
0,0,0,0,1,0,1,0
0,0,0,0,0,1,0,0
0,0,0,1,0,0,0,0
60,6
0,1,0,0,0,1
1,0,0,0,0,0
0,0,0,1,1,1
0,0,1,0,0,0
0,0,1,0,0,0
1,0,1,0,0,0
61,9
0,1,0,0,0,0,0,0,0
1,0,1,0,0,0,0,0,0
0,1,0,1,0,0,0,0,0
0,0,1,0,1,0,0,0,0
0,0,0,1,0,1,0,0,0
0,0,0,0,1,0,1,0,0
0,0,0,0,0,1,0,1,0
0,0,0,0,0,0,1,0,1
0,0,0,0,0,0,0,1,0
62,1
0
63,9
0,1,0,0,0,1,0,0,0
1,0,1,1,1,0,0,0,0
0,1,0,0,0,0,0,0,0
0,1,0,0,0,0,0,0,0
0,1,0,0,0,0,0,0,0
1,0,0,0,0,0,1,1,1
0,0,0,0,0,1,0,0,0
0,0,0,0,0,1,0,0,0
0,0,0,0,0,1,0,0,0
64,4
0,1,0,0
1,0,1,0
0,1,0,1
0,0,1,0
65,6
0,1,0,0,0,0
1,0,1,0,0,0
0,1,0,1,0,0
0,0,1,0,1,0
0,0,0,1,0,1
0,0,0,0,1,0
66,4
0,1,0,0
1,0,1,1
0,1,0,0
0,1,0,0
67,5
0,1,0,0,0
1,0,1,1,1
0,1,0,0,0
0,1,0,0,0
0,1,0,0,0
68,4
0,1,0,0
1,0,1,0
0,1,0,1
0,0,1,0
69,4
0,1,0,0
1,0,1,1
0,1,0,0
0,1,0,0
70,7
0,1,0,0,0,0,0
1,0,1,0,0,0,0
0,1,0,1,0,0,0
0,0,1,0,1,0,0
0,0,0,1,0,1,0
0,0,0,0,1,0,1
0,0,0,0,0,1,0
71,6
0,1,0,0,0,0
1,0,1,1,0,0
0,1,0,0,0,0
0,1,0,0,1,0
0,0,0,1,0,1
0,0,0,0,1,0
72,8
0,1,0,0,0,0,0,1
1,0,0,0,0,0,0,0
0,0,0,1,0,0,0,1
0,0,1,0,1,0,0,0
0,0,0,1,0,1,0,0
0,0,0,0,1,0,1,0
0,0,0,0,0,1,0,0
1,0,1,0,0,0,0,0
73,5
0,1,0,0,0
1,0,1,0,0
0,1,0,1,0
0,0,1,0,1
0,0,0,1,0
74,8
0,1,0,0,0,0,0,0
1,0,1,0,0,0,0,0
0,1,0,1,0,0,0,0
0,0,1,0,1,0,0,0
0,0,0,1,0,1,0,0
0,0,0,0,1,0,1,0
0,0,0,0,0,1,0,1
0,0,0,0,0,0,1,0
75,7
0,1,0,0,0,0,0
1,0,1,0,0,0,0
0,1,0,1,0,0,0
0,0,1,0,1,0,0
0,0,0,1,0,1,0
0,0,0,0,1,0,1
0,0,0,0,0,1,0
76,3
0,1,0
1,0,1
0,1,0
77,7
0,0,0,0,0,0,1
0,0,1,0,0,0,0
0,1,0,1,0,0,0
0,0,1,0,1,0,0
0,0,0,1,0,1,0
0,0,0,0,1,0,1
1,0,0,0,0,1,0
78,4
0,1,0,1
1,0,0,0
0,0,0,1
1,0,1,0
79,4
0,1,0,0
1,0,1,1
0,1,0,0
0,1,0,0
80,4
0,1,0,0
1,0,1,0
0,1,0,1
0,0,1,0
81,4
0,1,0,0
1,0,0,1
0,0,0,1
0,1,1,0
82,9
0,1,0,0,0,0,0,0,0
1,0,1,0,0,0,0,0,0
0,1,0,1,0,0,0,0,0
0,0,1,0,1,0,0,0,0
0,0,0,1,0,1,0,0,0
0,0,0,0,1,0,1,0,0
0,0,0,0,0,1,0,1,0
0,0,0,0,0,0,1,0,1
0,0,0,0,0,0,0,1,0
83,3
0,1,0
1,0,1
0,1,0
84,4
0,1,1,1
1,0,0,0
1,0,0,0
1,0,0,0
85,4
0,1,0,0
1,0,1,0
0,1,0,1
0,0,1,0
86,2
0,1
1,0
87,5
0,1,0,0,0
1,0,1,1,0
0,1,0,0,0
0,1,0,0,1
0,0,0,1,0
88,7
0,1,0,0,0,0,0
1,0,1,1,0,0,0
0,1,0,0,0,0,0
0,1,0,0,1,0,0
0,0,0,1,0,1,1
0,0,0,0,1,0,0
0,0,0,0,1,0,0
89,7
0,1,0,0,0,0,0
1,0,1,0,0,0,0
0,1,0,1,0,0,0
0,0,1,0,1,0,0
0,0,0,1,0,1,0
0,0,0,0,1,0,1
0,0,0,0,0,1,0
90,1
0
91,8
0,1,1,0,0,0,0,1
1,0,0,0,0,0,0,0
1,0,0,0,0,0,0,0
0,0,0,0,1,1,1,1
0,0,0,1,0,0,0,0
0,0,0,1,0,0,0,0
0,0,0,1,0,0,0,0
1,0,0,1,0,0,0,0
92,9
0,1,0,0,0,0,0,0,0
1,0,1,0,0,0,0,0,0
0,1,0,1,1,0,0,0,0
0,0,1,0,0,0,0,0,0
0,0,1,0,0,1,1,1,1
0,0,0,0,1,0,0,0,0
0,0,0,0,1,0,0,0,0
0,0,0,0,1,0,0,0,0
0,0,0,0,1,0,0,0,0
93,3
0,1,1
1,0,0
1,0,0
94,12
0,1,0,0,0,0,0,0,0,0,0,0
1,0,1,0,0,0,0,0,0,0,0,0
0,1,0,1,0,0,0,0,0,0,0,0
0,0,1,0,1,0,0,1,0,0,0,0
0,0,0,1,0,1,0,0,0,0,0,0
0,0,0,0,1,0,1,0,0,0,0,0
0,0,0,0,0,1,0,0,0,0,0,0
0,0,0,1,0,0,0,0,1,0,0,0
0,0,0,0,0,0,0,1,0,1,0,0
0,0,0,0,0,0,0,0,1,0,1,0
0,0,0,0,0,0,0,0,0,1,0,1
0,0,0,0,0,0,0,0,0,0,1,0
95,2
0,1
1,0
96,4
0,1,0,0
1,0,1,0
0,1,0,1
0,0,1,0
97,9
0,1,0,0,0,0,0,0,0
1,0,1,0,0,0,0,0,0
0,1,0,1,0,1,0,1,0
0,0,1,0,1,0,0,0,0
0,0,0,1,0,0,0,0,0
0,0,1,0,0,0,1,0,0
0,0,0,0,0,1,0,0,0
0,0,1,0,0,0,0,0,1
0,0,0,0,0,0,0,1,0
98,4
0,1,0,0
1,0,1,1
0,1,0,0
0,1,0,0
99,5
0,1,0,0,0
1,0,1,1,0
0,1,0,0,0
0,1,0,0,1
0,0,0,1,0
100,15
0,1,0,0,0,0,0,0,0,0,0,0,0,0,0
1,0,1,0,0,0,0,0,0,0,0,0,0,0,0
0,1,0,1,0,0,0,0,0,0,0,0,0,0,0
0,0,1,0,1,1,0,0,1,0,0,0,0,0,0
0,0,0,1,0,0,0,0,0,0,0,0,0,0,0
0,0,0,1,0,0,1,0,0,0,0,0,0,0,0
0,0,0,0,0,1,0,1,0,0,0,0,0,0,0
0,0,0,0,0,0,1,0,0,0,0,0,0,0,0
0,0,0,1,0,0,0,0,0,1,0,0,0,0,0
0,0,0,0,0,0,0,0,1,0,1,0,1,0,0
0,0,0,0,0,0,0,0,0,1,0,1,0,0,0
0,0,0,0,0,0,0,0,0,0,1,0,0,0,0
0,0,0,0,0,0,0,0,0,1,0,0,0,1,1
0,0,0,0,0,0,0,0,0,0,0,0,1,0,0
0,0,0,0,0,0,0,0,0,0,0,0,1,0,0
101,4
0,1,0,0
1,0,1,0
0,1,0,1
0,0,1,0
102,7
0,1,0,0,0,0,0
1,0,1,0,0,0,0
0,1,0,1,0,0,0
0,0,1,0,1,0,0
0,0,0,1,0,1,0
0,0,0,0,1,0,1
0,0,0,0,0,1,0
103,7
0,1,0,0,0,0,0
1,0,1,0,0,0,0
0,1,0,1,0,0,0
0,0,1,0,1,0,1
0,0,0,1,0,1,0
0,0,0,0,1,0,0
0,0,0,1,0,0,0
104,3
0,1,0
1,0,1
0,1,0
105,8
0,1,0,0,0,0,0,0
1,0,1,0,0,0,0,1
0,1,0,1,0,0,0,0
0,0,1,0,1,1,1,0
0,0,0,1,0,0,0,0
0,0,0,1,0,0,0,0
0,0,0,1,0,0,0,0
0,1,0,0,0,0,0,0
106,10
0,1,0,0,0,1,0,0,0,1
1,0,1,1,1,0,0,0,0,0
0,1,0,0,0,0,0,0,0,0
0,1,0,0,0,0,0,0,0,0
0,1,0,0,0,0,0,0,0,0
1,0,0,0,0,0,1,0,0,0
0,0,0,0,0,1,0,1,1,0
0,0,0,0,0,0,1,0,0,0
0,0,0,0,0,0,1,0,0,0
1,0,0,0,0,0,0,0,0,0
107,6
0,1,0,0,0,0
1,0,1,0,0,0
0,1,0,1,0,0
0,0,1,0,1,0
0,0,0,1,0,1
0,0,0,0,1,0
108,3
0,1,0
1,0,1
0,1,0
109,3
0,1,0
1,0,1
0,1,0
110,8
0,1,0,0,0,0,0,0
1,0,1,0,0,0,0,0
0,1,0,1,1,0,1,0
0,0,1,0,0,0,0,0
0,0,1,0,0,1,0,0
0,0,0,0,1,0,0,0
0,0,1,0,0,0,0,1
0,0,0,0,0,0,1,0
111,4
0,1,0,0
1,0,1,0
0,1,0,1
0,0,1,0
112,4
0,1,0,0
1,0,1,0
0,1,0,1
0,0,1,0
113,7
0,1,0,0,0,0,0
1,0,1,0,0,0,0
0,1,0,1,0,0,0
0,0,1,0,1,0,0
0,0,0,1,0,1,0
0,0,0,0,1,0,1
0,0,0,0,0,1,0
114,9
0,1,0,0,0,0,0,0,0
1,0,1,0,0,0,0,0,1
0,1,0,0,0,0,0,0,0
0,0,0,0,1,0,0,0,0
0,0,0,1,0,1,0,0,1
0,0,0,0,1,0,1,0,0
0,0,0,0,0,1,0,1,0
0,0,0,0,0,0,1,0,0
0,1,0,0,1,0,0,0,0
115,3
0,1,0
1,0,1
0,1,0
116,8
0,1,0,0,0,0,0,0
1,0,1,0,0,0,0,0
0,1,0,1,0,0,0,0
0,0,1,0,1,0,0,0
0,0,0,1,0,1,0,0
0,0,0,0,1,0,1,0
0,0,0,0,0,1,0,1
0,0,0,0,0,0,1,0
117,5
0,1,0,0,0
1,0,1,0,0
0,1,0,1,0
0,0,1,0,1
0,0,0,1,0
118,7
0,1,0,0,0,0,0
1,0,1,0,0,0,0
0,1,0,1,0,0,0
0,0,1,0,1,0,0
0,0,0,1,0,1,0
0,0,0,0,1,0,1
0,0,0,0,0,1,0
119,4
0,1,0,1
1,0,1,0
0,1,0,0
1,0,0,0
120,8
0,1,1,1,0,0,0,0
1,0,0,0,0,0,0,0
1,0,0,0,0,0,0,0
1,0,0,0,1,1,1,1
0,0,0,1,0,0,0,0
0,0,0,1,0,0,0,0
0,0,0,1,0,0,0,0
0,0,0,1,0,0,0,0
121,4
0,1,0,0
1,0,1,0
0,1,0,1
0,0,1,0
122,7
0,1,0,0,0,0,0
1,0,1,0,0,0,0
0,1,0,1,1,1,1
0,0,1,0,0,0,0
0,0,1,0,0,0,0
0,0,1,0,0,0,0
0,0,1,0,0,0,0
123,3
0,1,0
1,0,1
0,1,0
124,9
0,1,0,0,1,0,0,0,1
1,0,1,1,0,0,0,0,0
0,1,0,0,0,0,0,0,0
0,1,0,0,0,0,0,0,0
1,0,0,0,0,1,1,1,0
0,0,0,0,1,0,0,0,0
0,0,0,0,1,0,0,0,0
0,0,0,0,1,0,0,0,0
1,0,0,0,0,0,0,0,0
125,3
0,1,1
1,0,0
1,0,0
126,6
0,1,0,0,0,0
1,0,1,0,0,0
0,1,0,1,0,0
0,0,1,0,1,0
0,0,0,1,0,1
0,0,0,0,1,0
127,3
0,1,0
1,0,1
0,1,0
128,2
0,1
1,0
129,8
0,1,0,0,0,0,0,0
1,0,1,0,0,0,0,0
0,1,0,1,1,1,0,1
0,0,1,0,0,0,0,0
0,0,1,0,0,0,0,0
0,0,1,0,0,0,1,0
0,0,0,0,0,1,0,0
0,0,1,0,0,0,0,0
130,4
0,1,0,1
1,0,1,0
0,1,0,0
1,0,0,0
131,5
0,1,0,0,0
1,0,1,0,0
0,1,0,1,0
0,0,1,0,1
0,0,0,1,0
132,5
0,1,0,0,0
1,0,1,0,0
0,1,0,1,0
0,0,1,0,1
0,0,0,1,0
133,7
0,1,0,0,0,1,1
1,0,1,1,1,0,0
0,1,0,0,0,0,0
0,1,0,0,0,0,0
0,1,0,0,0,0,0
1,0,0,0,0,0,0
1,0,0,0,0,0,0
134,5
0,1,0,0,0
1,0,1,1,0
0,1,0,0,0
0,1,0,0,1
0,0,0,1,0
135,6
0,1,0,0,0,0
1,0,1,0,0,0
0,1,0,1,1,0
0,0,1,0,0,0
0,0,1,0,0,1
0,0,0,0,1,0
136,4
0,1,0,0
1,0,1,1
0,1,0,0
0,1,0,0
137,6
0,1,0,0,0,0
1,0,1,1,1,1
0,1,0,0,0,0
0,1,0,0,0,0
0,1,0,0,0,0
0,1,0,0,0,0
138,7
0,1,0,0,0,0,0
1,0,1,0,0,0,0
0,1,0,1,1,0,0
0,0,1,0,0,0,0
0,0,1,0,0,1,1
0,0,0,0,1,0,0
0,0,0,0,1,0,0
139,7
0,1,0,0,0,0,0
1,0,1,0,0,0,1
0,1,0,1,0,0,0
0,0,1,0,1,1,0
0,0,0,1,0,0,0
0,0,0,1,0,0,0
0,1,0,0,0,0,0
140,6
0,1,0,0,0,0
1,0,1,0,0,0
0,1,0,1,0,0
0,0,1,0,1,0
0,0,0,1,0,1
0,0,0,0,1,0
141,3
0,0,1
0,0,1
1,1,0
142,9
0,1,0,0,0,0,1,1,1
1,0,1,1,1,1,0,0,0
0,1,0,0,0,0,0,0,0
0,1,0,0,0,0,0,0,0
0,1,0,0,0,0,0,0,0
0,1,0,0,0,0,0,0,0
1,0,0,0,0,0,0,0,0
1,0,0,0,0,0,0,0,0
1,0,0,0,0,0,0,0,0
143,4
0,1,0,0
1,0,1,1
0,1,0,0
0,1,0,0
144,5
0,1,0,0,0
1,0,1,1,0
0,1,0,0,0
0,1,0,0,1
0,0,0,1,0
145,6
0,1,0,0,0,0
1,0,1,0,0,0
0,1,0,1,0,0
0,0,1,0,1,0
0,0,0,1,0,1
0,0,0,0,1,0
146,8
0,1,0,0,0,1,1,1
1,0,1,1,1,0,0,0
0,1,0,0,0,0,0,0
0,1,0,0,0,0,0,0
0,1,0,0,0,0,0,0
1,0,0,0,0,0,0,0
1,0,0,0,0,0,0,0
1,0,0,0,0,0,0,0
147,3
0,1,0
1,0,1
0,1,0
148,4
0,1,0,0
1,0,1,0
0,1,0,1
0,0,1,0
149,5
0,1,0,0,0
1,0,1,1,1
0,1,0,0,0
0,1,0,0,0
0,1,0,0,0
150,5
0,1,0,0,0
1,0,1,1,0
0,1,0,0,0
0,1,0,0,1
0,0,0,1,0
151,5
0,1,0,0,0
1,0,1,0,0
0,1,0,1,1
0,0,1,0,0
0,0,1,0,0
152,2
0,1
1,0
153,4
0,1,0,1
1,0,1,0
0,1,0,0
1,0,0,0
154,3
0,1,1
1,0,0
1,0,0
155,4
0,1,1,1
1,0,0,0
1,0,0,0
1,0,0,0
156,4
0,1,0,0
1,0,1,0
0,1,0,1
0,0,1,0
157,5
0,1,0,0,1
1,0,0,0,0
0,0,0,1,1
0,0,1,0,0
1,0,1,0,0
158,6
0,1,0,0,0,0
1,0,1,0,0,0
0,1,0,1,0,0
0,0,1,0,1,0
0,0,0,1,0,1
0,0,0,0,1,0
159,8
0,1,0,0,0,0,0,0
1,0,1,0,0,0,0,0
0,1,0,1,0,0,0,0
0,0,1,0,1,0,0,0
0,0,0,1,0,1,0,0
0,0,0,0,1,0,1,0
0,0,0,0,0,1,0,1
0,0,0,0,0,0,1,0
160,3
0,1,0
1,0,1
0,1,0
161,6
0,1,0,0,0,0
1,0,1,0,0,0
0,1,0,1,0,0
0,0,1,0,1,0
0,0,0,1,0,1
0,0,0,0,1,0
162,8
0,1,0,0,0,0,0,0
1,0,1,0,0,0,0,0
0,1,0,1,0,0,0,0
0,0,1,0,1,0,0,0
0,0,0,1,0,1,1,0
0,0,0,0,1,0,0,0
0,0,0,0,1,0,0,1
0,0,0,0,0,0,1,0
163,8
0,1,1,1,0,0,0,0
1,0,0,0,0,0,0,0
1,0,0,0,0,0,0,0
1,0,0,0,1,1,1,1
0,0,0,1,0,0,0,0
0,0,0,1,0,0,0,0
0,0,0,1,0,0,0,0
0,0,0,1,0,0,0,0
164,6
0,1,0,0,0,0
1,0,1,0,0,0
0,1,0,1,0,0
0,0,1,0,1,0
0,0,0,1,0,1
0,0,0,0,1,0
165,4
0,1,0,0
1,0,1,0
0,1,0,1
0,0,1,0
166,4
0,1,0,0
1,0,1,0
0,1,0,1
0,0,1,0
167,3
0,1,0
1,0,1
0,1,0
168,5
0,1,0,0,1
1,0,1,1,0
0,1,0,0,0
0,1,0,0,0
1,0,0,0,0
169,7
0,1,0,0,0,0,0
1,0,1,0,0,0,0
0,1,0,1,0,1,0
0,0,1,0,1,0,0
0,0,0,1,0,0,0
0,0,1,0,0,0,1
0,0,0,0,0,1,0
170,9
0,1,1,0,0,0,0,0,1
1,0,0,0,0,0,0,0,0
1,0,0,0,0,0,0,0,0
0,0,0,0,1,1,1,1,1
0,0,0,1,0,0,0,0,0
0,0,0,1,0,0,0,0,0
0,0,0,1,0,0,0,0,0
0,0,0,1,0,0,0,0,0
1,0,0,1,0,0,0,0,0
171,3
0,1,0
1,0,1
0,1,0
172,4
0,1,1,1
1,0,0,0
1,0,0,0
1,0,0,0
173,2
0,1
1,0
174,2
0,1
1,0
175,4
0,1,0,0
1,0,1,0
0,1,0,1
0,0,1,0
176,4
0,1,0,0
1,0,1,0
0,1,0,1
0,0,1,0
177,1
0
178,3
0,1,0
1,0,1
0,1,0
179,7
0,1,0,0,0,0,0
1,0,1,0,0,0,0
0,1,0,0,0,0,1
0,0,0,0,1,0,0
0,0,0,1,0,1,0
0,0,0,0,1,0,1
0,0,1,0,0,1,0
180,8
0,1,0,0,0,0,0,0
1,0,1,0,1,0,1,0
0,1,0,1,0,0,0,0
0,0,1,0,0,0,0,0
0,1,0,0,0,1,0,0
0,0,0,0,1,0,0,0
0,1,0,0,0,0,0,1
0,0,0,0,0,0,1,0
181,5
0,1,0,0,0
1,0,1,0,0
0,1,0,1,0
0,0,1,0,1
0,0,0,1,0
182,4
0,1,0,0
1,0,1,1
0,1,0,0
0,1,0,0
183,5
0,1,0,0,0
1,0,1,1,0
0,1,0,0,0
0,1,0,0,1
0,0,0,1,0
184,12
0,1,1,1,1,1,0,0,0,0,0,1
1,0,0,0,0,0,0,0,0,0,0,0
1,0,0,0,0,0,0,0,0,0,0,0
1,0,0,0,0,0,0,0,0,0,0,0
1,0,0,0,0,0,0,0,0,0,0,0
1,0,0,0,0,0,0,0,0,0,0,0
0,0,0,0,0,0,0,1,1,1,1,1
0,0,0,0,0,0,1,0,0,0,0,0
0,0,0,0,0,0,1,0,0,0,0,0
0,0,0,0,0,0,1,0,0,0,0,0
0,0,0,0,0,0,1,0,0,0,0,0
1,0,0,0,0,0,1,0,0,0,0,0
185,12
0,1,1,1,1,1,1,0,0,0,0,0
1,0,0,0,0,0,0,0,0,0,0,0
1,0,0,0,0,0,0,0,0,0,0,0
1,0,0,0,0,0,0,0,0,0,0,0
1,0,0,0,0,0,0,0,0,0,0,0
1,0,0,0,0,0,0,0,0,0,0,0
1,0,0,0,0,0,0,1,1,1,1,1
0,0,0,0,0,0,1,0,0,0,0,0
0,0,0,0,0,0,1,0,0,0,0,0
0,0,0,0,0,0,1,0,0,0,0,0
0,0,0,0,0,0,1,0,0,0,0,0
0,0,0,0,0,0,1,0,0,0,0,0
186,5
0,1,0,0,1
1,0,1,1,0
0,1,0,0,0
0,1,0,0,0
1,0,0,0,0
187,3
0,1,0
1,0,1
0,1,0
188,5
0,1,0,0,0
1,0,1,1,0
0,1,0,0,0
0,1,0,0,1
0,0,0,1,0
189,1
0
190,4
0,1,1,1
1,0,0,0
1,0,0,0
1,0,0,0
191,13
0,1,0,0,0,0,0,0,0,0,0,0,0
1,0,1,0,0,0,0,0,0,0,0,0,0
0,1,0,1,0,0,0,0,0,0,0,0,0
0,0,1,0,1,1,0,0,1,0,0,0,0
0,0,0,1,0,0,0,0,0,0,0,0,0
0,0,0,1,0,0,1,0,0,0,0,0,0
0,0,0,0,0,1,0,1,0,0,0,0,0
0,0,0,0,0,0,1,0,0,0,0,0,0
0,0,0,1,0,0,0,0,0,1,0,0,0
0,0,0,0,0,0,0,0,1,0,1,0,0
0,0,0,0,0,0,0,0,0,1,0,1,0
0,0,0,0,0,0,0,0,0,0,1,0,1
0,0,0,0,0,0,0,0,0,0,0,1,0
192,11
0,1,0,0,0,0,0,0,0,0,0
1,0,1,0,0,0,0,0,0,0,0
0,1,0,1,1,0,1,0,0,0,0
0,0,1,0,0,0,0,0,0,0,0
0,0,1,0,0,1,0,0,0,0,0
0,0,0,0,1,0,0,0,0,0,0
0,0,1,0,0,0,0,1,0,0,0
0,0,0,0,0,0,1,0,1,0,0
0,0,0,0,0,0,0,1,0,1,1
0,0,0,0,0,0,0,0,1,0,0
0,0,0,0,0,0,0,0,1,0,0
193,7
0,1,0,0,0,0,1
1,0,0,0,0,0,0
0,0,0,1,1,1,1
0,0,1,0,0,0,0
0,0,1,0,0,0,0
0,0,1,0,0,0,0
1,0,1,0,0,0,0
194,6
0,1,0,0,0,0
1,0,1,1,0,0
0,1,0,0,0,0
0,1,0,0,1,1
0,0,0,1,0,0
0,0,0,1,0,0
195,6
0,1,0,0,0,0
1,0,1,0,0,0
0,1,0,1,0,0
0,0,1,0,1,0
0,0,0,1,0,1
0,0,0,0,1,0
196,1
0
197,5
0,1,0,0,0
1,0,1,0,0
0,1,0,1,0
0,0,1,0,1
0,0,0,1,0
198,10
0,1,0,0,0,0,0,0,0,0
1,0,1,0,0,0,0,0,0,0
0,1,0,1,0,0,0,0,0,0
0,0,1,0,1,0,0,0,1,0
0,0,0,1,0,1,0,0,0,0
0,0,0,0,1,0,1,1,0,0
0,0,0,0,0,1,0,0,0,0
0,0,0,0,0,1,0,0,0,0
0,0,0,1,0,0,0,0,0,1
0,0,0,0,0,0,0,0,1,0
199,7
0,1,0,0,0,0,0
1,0,1,0,0,0,0
0,1,0,1,0,0,0
0,0,1,0,1,0,0
0,0,0,1,0,1,0
0,0,0,0,1,0,1
0,0,0,0,0,1,0
200,8
0,1,0,0,0,0,0,0
1,0,1,0,0,0,0,0
0,1,0,1,0,0,0,0
0,0,1,0,1,0,0,0
0,0,0,1,0,1,0,0
0,0,0,0,1,0,1,0
0,0,0,0,0,1,0,1
0,0,0,0,0,0,1,0
201,5
0,0,0,0,1
0,0,1,0,0
0,1,0,1,0
0,0,1,0,1
1,0,0,1,0
202,5
0,1,0,0,0
1,0,1,0,0
0,1,0,1,0
0,0,1,0,1
0,0,0,1,0
203,3
0,1,0
1,0,1
0,1,0
204,4
0,1,0,0
1,0,1,0
0,1,0,1
0,0,1,0
205,7
0,1,0,0,0,0,0
1,0,1,0,0,0,0
0,1,0,1,0,0,0
0,0,1,0,1,0,0
0,0,0,1,0,1,0
0,0,0,0,1,0,1
0,0,0,0,0,1,0
206,3
0,1,0
1,0,1
0,1,0
207,7
0,1,0,0,0,0,0
1,0,1,0,0,0,0
0,1,0,1,0,0,0
0,0,1,0,1,0,0
0,0,0,1,0,1,0
0,0,0,0,1,0,1
0,0,0,0,0,1,0
208,8
0,1,0,0,0,0,0,0
1,0,1,0,0,0,0,0
0,1,0,1,0,0,0,0
0,0,1,0,1,0,0,0
0,0,0,1,0,1,0,0
0,0,0,0,1,0,1,0
0,0,0,0,0,1,0,1
0,0,0,0,0,0,1,0
209,4
0,1,1,1
1,0,0,0
1,0,0,0
1,0,0,0
210,4
0,1,0,0
1,0,1,0
0,1,0,1
0,0,1,0
211,7
0,1,0,0,0,0,0
1,0,1,0,0,0,0
0,1,0,1,0,0,0
0,0,1,0,1,0,0
0,0,0,1,0,1,0
0,0,0,0,1,0,1
0,0,0,0,0,1,0
212,2
0,1
1,0
213,4
0,1,1,1
1,0,0,0
1,0,0,0
1,0,0,0
214,4
0,1,0,0
1,0,1,0
0,1,0,1
0,0,1,0
215,11
0,1,0,0,0,0,0,0,0,0,0
1,0,1,0,0,0,0,0,0,0,0
0,1,0,1,0,0,0,1,0,1,0
0,0,1,0,1,1,1,0,0,0,0
0,0,0,1,0,0,0,0,0,0,0
0,0,0,1,0,0,0,0,0,0,0
0,0,0,1,0,0,0,0,0,0,0
0,0,1,0,0,0,0,0,1,0,0
0,0,0,0,0,0,0,1,0,0,0
0,0,1,0,0,0,0,0,0,0,1
0,0,0,0,0,0,0,0,0,1,0
216,10
0,1,0,0,0,0,0,0,0,0
1,0,1,1,0,0,0,0,0,0
0,1,0,0,0,0,0,0,0,0
0,1,0,0,1,1,0,0,0,0
0,0,0,1,0,0,0,0,0,0
0,0,0,1,0,0,1,1,0,0
0,0,0,0,0,1,0,0,0,0
0,0,0,0,0,1,0,0,1,1
0,0,0,0,0,0,0,1,0,0
0,0,0,0,0,0,0,1,0,0
217,5
0,1,1,1,1
1,0,0,0,0
1,0,0,0,0
1,0,0,0,0
1,0,0,0,0
218,5
0,1,0,0,0
1,0,1,0,0
0,1,0,1,0
0,0,1,0,1
0,0,0,1,0
219,2
0,1
1,0
220,4
0,1,0,0
1,0,1,0
0,1,0,1
0,0,1,0
221,8
0,1,0,0,0,0,0,0
1,0,1,1,0,0,0,0
0,1,0,0,0,0,0,0
0,1,0,0,1,0,0,0
0,0,0,1,0,1,0,0
0,0,0,0,1,0,1,1
0,0,0,0,0,1,0,0
0,0,0,0,0,1,0,0
222,6
0,1,0,0,0,0
1,0,1,1,1,0
0,1,0,0,0,0
0,1,0,0,0,0
0,1,0,0,0,1
0,0,0,0,1,0
223,17
0,0,0,0,0,1,0,0,0,0,0,0,0,0,0,0,0
0,0,1,0,0,0,0,0,0,0,0,0,0,0,0,0,0
0,1,0,1,1,0,0,0,0,0,0,0,0,0,0,0,0
0,0,1,0,0,0,0,0,0,0,0,0,0,0,0,0,0
0,0,1,0,0,1,0,0,0,0,0,0,1,0,0,0,0
1,0,0,0,1,0,1,0,0,0,0,0,0,0,0,0,0
0,0,0,0,0,1,0,1,0,0,0,0,0,0,1,0,0
0,0,0,0,0,0,1,0,0,0,0,0,0,0,0,0,0
0,0,0,0,0,0,0,0,0,1,1,0,0,0,0,0,0
0,0,0,0,0,0,0,0,1,0,0,0,0,0,0,0,0
0,0,0,0,0,0,0,0,1,0,0,1,1,0,0,0,0
0,0,0,0,0,0,0,0,0,0,1,0,0,0,0,0,0
0,0,0,0,1,0,0,0,0,0,1,0,0,1,0,0,0
0,0,0,0,0,0,0,0,0,0,0,0,1,0,0,0,0
0,0,0,0,0,0,1,0,0,0,0,0,0,0,0,1,1
0,0,0,0,0,0,0,0,0,0,0,0,0,0,1,0,0
0,0,0,0,0,0,0,0,0,0,0,0,0,0,1,0,0
224,5
0,1,0,0,0
1,0,1,0,0
0,1,0,1,0
0,0,1,0,1
0,0,0,1,0
225,6
0,1,0,0,0,0
1,0,1,0,0,0
0,1,0,1,1,1
0,0,1,0,0,0
0,0,1,0,0,0
0,0,1,0,0,0
226,2
0,1
1,0
227,9
0,1,1,1,1,0,0,0,0
1,0,0,0,0,0,0,0,0
1,0,0,0,0,0,0,0,0
1,0,0,0,0,0,0,0,0
1,0,0,0,0,1,1,1,1
0,0,0,0,1,0,0,0,0
0,0,0,0,1,0,0,0,0
0,0,0,0,1,0,0,0,0
0,0,0,0,1,0,0,0,0
228,4
0,1,0,0
1,0,1,0
0,1,0,1
0,0,1,0
229,6
0,1,0,0,0,0
1,0,1,0,0,0
0,1,0,1,1,1
0,0,1,0,0,0
0,0,1,0,0,0
0,0,1,0,0,0
230,6
0,1,0,0,0,0
1,0,1,0,0,0
0,1,0,1,1,1
0,0,1,0,0,0
0,0,1,0,0,0
0,0,1,0,0,0
231,3
0,1,0
1,0,1
0,1,0
232,7
0,1,0,0,0,0,0
1,0,1,1,0,0,0
0,1,0,0,0,0,0
0,1,0,0,1,0,0
0,0,0,1,0,1,1
0,0,0,0,1,0,0
0,0,0,0,1,0,0
233,6
0,1,1,0,0,1
1,0,0,0,0,0
1,0,0,0,0,0
0,0,0,0,1,1
0,0,0,1,0,0
1,0,0,1,0,0
234,8
0,1,0,0,0,0,0,0
1,0,1,0,0,0,0,0
0,1,0,1,0,0,0,0
0,0,1,0,1,0,0,0
0,0,0,1,0,1,0,0
0,0,0,0,1,0,1,0
0,0,0,0,0,1,0,1
0,0,0,0,0,0,1,0
235,6
0,1,0,0,0,0
1,0,0,0,0,1
0,0,0,1,0,0
0,0,1,0,1,0
0,0,0,1,0,1
0,1,0,0,1,0
236,3
0,1,0
1,0,1
0,1,0
237,6
0,1,0,0,0,0
1,0,0,0,0,1
0,0,0,1,0,0
0,0,1,0,1,0
0,0,0,1,0,1
0,1,0,0,1,0
238,5
0,1,0,0,0
1,0,1,0,0
0,1,0,1,0
0,0,1,0,1
0,0,0,1,0
239,3
0,1,1
1,0,0
1,0,0
240,3
0,1,0
1,0,1
0,1,0
241,3
0,1,1
1,0,0
1,0,0
242,6
0,1,0,0,0,0
1,0,1,1,1,0
0,1,0,0,0,0
0,1,0,0,0,0
0,1,0,0,0,1
0,0,0,0,1,0
243,5
0,1,0,0,0
1,0,1,1,1
0,1,0,0,0
0,1,0,0,0
0,1,0,0,0
244,7
0,0,0,0,0,0,1
0,0,1,0,0,0,0
0,1,0,1,0,0,0
0,0,1,0,1,1,1
0,0,0,1,0,0,0
0,0,0,1,0,0,0
1,0,0,1,0,0,0
245,4
0,1,0,0
1,0,1,1
0,1,0,0
0,1,0,0
246,3
0,1,0
1,0,1
0,1,0
247,6
0,1,0,0,0,1
1,0,0,0,0,0
0,0,0,1,1,1
0,0,1,0,0,0
0,0,1,0,0,0
1,0,1,0,0,0
248,6
0,1,0,0,0,1
1,0,0,0,0,0
0,0,0,1,1,1
0,0,1,0,0,0
0,0,1,0,0,0
1,0,1,0,0,0
249,9
0,1,0,0,0,0,0,0,0
1,0,1,0,0,0,0,0,0
0,1,0,1,0,0,0,0,0
0,0,1,0,1,0,0,0,0
0,0,0,1,0,1,0,0,0
0,0,0,0,1,0,1,0,0
0,0,0,0,0,1,0,1,0
0,0,0,0,0,0,1,0,1
0,0,0,0,0,0,0,1,0
250,5
0,1,0,0,0
1,0,1,0,0
0,1,0,1,0
0,0,1,0,1
0,0,0,1,0
251,6
0,1,0,0,0,0
1,0,1,0,0,0
0,1,0,1,0,0
0,0,1,0,1,0
0,0,0,1,0,1
0,0,0,0,1,0
252,3
0,1,0
1,0,1
0,1,0
253,7
0,1,0,0,0,0,0
1,0,1,0,0,0,0
0,1,0,1,0,0,0
0,0,1,0,1,0,0
0,0,0,1,0,1,0
0,0,0,0,1,0,1
0,0,0,0,0,1,0
254,8
0,1,0,0,0,1,1,1
1,0,1,1,1,0,0,0
0,1,0,0,0,0,0,0
0,1,0,0,0,0,0,0
0,1,0,0,0,0,0,0
1,0,0,0,0,0,0,0
1,0,0,0,0,0,0,0
1,0,0,0,0,0,0,0
255,8
0,1,0,0,0,0,0,0
1,0,1,0,0,0,0,0
0,1,0,1,1,0,1,0
0,0,1,0,0,0,0,0
0,0,1,0,0,1,0,0
0,0,0,0,1,0,0,0
0,0,1,0,0,0,0,1
0,0,0,0,0,0,1,0
256,3
0,1,1
1,0,0
1,0,0
257,4
0,1,0,0
1,0,1,1
0,1,0,0
0,1,0,0
258,6
0,1,0,0,0,0
1,0,1,0,0,0
0,1,0,1,0,0
0,0,1,0,1,1
0,0,0,1,0,0
0,0,0,1,0,0
259,13
0,1,0,0,0,0,0,0,0,0,0,0,0
1,0,1,0,0,0,0,0,0,0,0,0,0
0,1,0,1,0,0,0,0,0,0,0,0,0
0,0,1,0,1,1,0,0,1,0,0,0,0
0,0,0,1,0,0,0,0,0,0,0,0,0
0,0,0,1,0,0,1,0,0,0,0,0,0
0,0,0,0,0,1,0,1,0,0,0,0,0
0,0,0,0,0,0,1,0,0,0,0,0,0
0,0,0,1,0,0,0,0,0,1,0,0,0
0,0,0,0,0,0,0,0,1,0,1,1,1
0,0,0,0,0,0,0,0,0,1,0,0,0
0,0,0,0,0,0,0,0,0,1,0,0,0
0,0,0,0,0,0,0,0,0,1,0,0,0
260,6
0,1,0,0,0,1
1,0,1,1,1,0
0,1,0,0,0,0
0,1,0,0,0,0
0,1,0,0,0,0
1,0,0,0,0,0
261,2
0,1
1,0
262,6
0,1,0,0,0,0
1,0,1,0,0,0
0,1,0,1,0,0
0,0,1,0,1,0
0,0,0,1,0,1
0,0,0,0,1,0
263,7
0,1,0,0,0,0,0
1,0,1,0,0,0,0
0,1,0,1,0,1,0
0,0,1,0,1,0,0
0,0,0,1,0,0,0
0,0,1,0,0,0,1
0,0,0,0,0,1,0
264,10
0,1,0,0,0,0,0,0,0,0
1,0,1,0,0,0,0,0,0,0
0,1,0,1,0,0,0,0,0,0
0,0,1,0,1,0,0,0,0,0
0,0,0,1,0,1,0,0,0,0
0,0,0,0,1,0,1,0,0,0
0,0,0,0,0,1,0,1,0,0
0,0,0,0,0,0,1,0,1,0
0,0,0,0,0,0,0,1,0,1
0,0,0,0,0,0,0,0,1,0
265,7
0,1,0,0,0,0,0
1,0,1,0,0,1,0
0,1,0,1,0,0,0
0,0,1,0,1,0,0
0,0,0,1,0,0,0
0,1,0,0,0,0,1
0,0,0,0,0,1,0
266,3
0,1,0
1,0,1
0,1,0
267,3
0,1,0
1,0,1
0,1,0
268,12
0,1,0,0,0,0,0,0,0,0,0,0
1,0,1,0,0,0,0,0,0,0,0,0
0,1,0,1,1,0,0,0,0,0,1,0
0,0,1,0,0,0,0,0,0,0,0,0
0,0,1,0,0,1,0,0,0,1,0,0
0,0,0,0,1,0,1,1,1,0,0,0
0,0,0,0,0,1,0,0,0,0,0,0
0,0,0,0,0,1,0,0,0,0,0,0
0,0,0,0,0,1,0,0,0,0,0,0
0,0,0,0,1,0,0,0,0,0,0,0
0,0,1,0,0,0,0,0,0,0,0,1
0,0,0,0,0,0,0,0,0,0,1,0
269,6
0,1,0,0,0,0
1,0,1,0,0,0
0,1,0,1,0,0
0,0,1,0,1,0
0,0,0,1,0,1
0,0,0,0,1,0
270,11
0,1,0,0,0,0,0,0,0,0,0
1,0,1,0,0,0,0,0,0,0,1
0,1,0,1,0,0,0,0,0,0,0
0,0,1,0,1,0,0,0,0,0,0
0,0,0,1,0,1,0,0,0,0,0
0,0,0,0,1,0,1,0,0,1,0
0,0,0,0,0,1,0,1,0,0,0
0,0,0,0,0,0,1,0,1,0,0
0,0,0,0,0,0,0,1,0,0,0
0,0,0,0,0,1,0,0,0,0,0
0,1,0,0,0,0,0,0,0,0,0
271,4
0,1,0,0
1,0,1,1
0,1,0,0
0,1,0,0
272,8
0,1,0,0,0,0,0,0
1,0,1,1,0,0,0,0
0,1,0,0,0,0,0,0
0,1,0,0,1,1,0,0
0,0,0,1,0,0,0,0
0,0,0,1,0,0,1,1
0,0,0,0,0,1,0,0
0,0,0,0,0,1,0,0
273,5
0,1,0,0,0
1,0,1,1,0
0,1,0,0,0
0,1,0,0,1
0,0,0,1,0
274,9
0,1,0,0,0,0,0,0,0
1,0,1,0,0,0,0,0,0
0,1,0,1,0,0,0,0,0
0,0,1,0,1,0,0,0,0
0,0,0,1,0,1,0,0,0
0,0,0,0,1,0,1,0,0
0,0,0,0,0,1,0,1,0
0,0,0,0,0,0,1,0,1
0,0,0,0,0,0,0,1,0
275,5
0,1,0,0,0
1,0,1,0,0
0,1,0,1,0
0,0,1,0,1
0,0,0,1,0
276,8
0,1,0,0,0,0,0,1
1,0,0,0,0,0,0,0
0,0,0,1,1,1,1,1
0,0,1,0,0,0,0,0
0,0,1,0,0,0,0,0
0,0,1,0,0,0,0,0
0,0,1,0,0,0,0,0
1,0,1,0,0,0,0,0
277,9
0,1,0,0,0,0,0,0,0
1,0,1,0,0,0,0,0,0
0,1,0,1,1,0,1,1,1
0,0,1,0,0,0,0,0,0
0,0,1,0,0,1,0,0,0
0,0,0,0,1,0,0,0,0
0,0,1,0,0,0,0,0,0
0,0,1,0,0,0,0,0,0
0,0,1,0,0,0,0,0,0
278,7
0,1,0,0,0,0,0
1,0,1,0,0,0,0
0,1,0,1,0,0,0
0,0,1,0,1,1,0
0,0,0,1,0,0,0
0,0,0,1,0,0,1
0,0,0,0,0,1,0
279,4
0,1,1,1
1,0,0,0
1,0,0,0
1,0,0,0
280,4
0,1,0,0
1,0,1,0
0,1,0,1
0,0,1,0
281,3
0,1,0
1,0,1
0,1,0
282,2
0,1
1,0
283,9
0,1,0,0,0,0,0,0,0
1,0,1,0,0,0,0,0,0
0,1,0,1,0,0,0,0,0
0,0,1,0,1,0,0,0,0
0,0,0,1,0,1,0,0,0
0,0,0,0,1,0,1,0,0
0,0,0,0,0,1,0,1,0
0,0,0,0,0,0,1,0,1
0,0,0,0,0,0,0,1,0
284,3
0,1,0
1,0,1
0,1,0
285,4
0,1,1,1
1,0,0,0
1,0,0,0
1,0,0,0
286,4
0,1,0,0
1,0,1,1
0,1,0,0
0,1,0,0
287,1
0
288,3
0,1,0
1,0,1
0,1,0
289,7
0,1,0,0,0,0,0
1,0,1,0,0,0,0
0,1,0,1,0,0,0
0,0,1,0,1,0,0
0,0,0,1,0,1,0
0,0,0,0,1,0,1
0,0,0,0,0,1,0
290,2
0,1
1,0
291,1
0
292,5
0,1,0,0,0
1,0,1,0,0
0,1,0,1,0
0,0,1,0,1
0,0,0,1,0
293,7
0,1,0,0,0,0,0
1,0,0,0,0,0,1
0,0,0,1,0,0,0
0,0,1,0,1,0,0
0,0,0,1,0,1,1
0,0,0,0,1,0,0
0,1,0,0,1,0,0
294,5
0,1,0,0,0
1,0,1,1,0
0,1,0,0,0
0,1,0,0,1
0,0,0,1,0
295,18
0,0,0,0,0,1,0,0,0,0,0,0,0,0,0,0,0,0
0,0,1,1,0,0,0,0,0,0,0,0,0,0,0,0,0,0
0,1,0,0,0,0,0,0,0,0,0,0,0,0,0,0,0,0
0,1,0,0,1,0,0,0,0,0,0,0,0,1,0,0,0,0
0,0,0,1,0,1,0,1,0,0,0,0,0,0,0,0,0,0
1,0,0,0,1,0,1,0,0,0,0,0,0,0,0,0,0,0
0,0,0,0,0,1,0,0,0,0,0,0,0,0,0,0,0,0
0,0,0,0,1,0,0,0,1,0,0,0,0,0,0,1,0,0
0,0,0,0,0,0,0,1,0,0,0,0,0,0,0,0,0,0
0,0,0,0,0,0,0,0,0,0,1,1,0,0,0,0,0,0
0,0,0,0,0,0,0,0,0,1,0,0,0,0,0,0,0,0
0,0,0,0,0,0,0,0,0,1,0,0,1,1,0,0,0,0
0,0,0,0,0,0,0,0,0,0,0,1,0,0,0,0,0,0
0,0,0,1,0,0,0,0,0,0,0,1,0,0,1,0,0,0
0,0,0,0,0,0,0,0,0,0,0,0,0,1,0,0,0,0
0,0,0,0,0,0,0,1,0,0,0,0,0,0,0,0,1,1
0,0,0,0,0,0,0,0,0,0,0,0,0,0,0,1,0,0
0,0,0,0,0,0,0,0,0,0,0,0,0,0,0,1,0,0
296,2
0,1
1,0
297,5
0,1,0,0,0
1,0,1,1,0
0,1,0,0,0
0,1,0,0,1
0,0,0,1,0
298,5
0,1,0,0,0
1,0,1,0,0
0,1,0,1,0
0,0,1,0,1
0,0,0,1,0
299,8
0,1,0,0,0,0,0,0
1,0,1,0,0,0,0,0
0,1,0,1,0,0,0,0
0,0,1,0,1,0,0,0
0,0,0,1,0,1,0,0
0,0,0,0,1,0,1,0
0,0,0,0,0,1,0,1
0,0,0,0,0,0,1,0
300,8
0,1,0,0,0,0,0,0
1,0,1,0,0,0,0,0
0,1,0,1,0,0,0,0
0,0,1,0,1,0,0,0
0,0,0,1,0,1,0,0
0,0,0,0,1,0,1,0
0,0,0,0,0,1,0,1
0,0,0,0,0,0,1,0
301,5
0,1,0,0,0
1,0,1,0,0
0,1,0,1,0
0,0,1,0,1
0,0,0,1,0
302,5
0,1,0,0,0
1,0,1,0,0
0,1,0,1,1
0,0,1,0,0
0,0,1,0,0
303,4
0,1,0,1
1,0,1,0
0,1,0,0
1,0,0,0
304,7
0,1,0,0,0,0,0
1,0,1,0,0,0,0
0,1,0,1,1,1,0
0,0,1,0,0,0,0
0,0,1,0,0,0,0
0,0,1,0,0,0,1
0,0,0,0,0,1,0
305,4
0,1,0,0
1,0,1,1
0,1,0,0
0,1,0,0
306,3
0,1,0
1,0,1
0,1,0
307,8
0,1,0,0,0,0,0,0
1,0,1,0,0,0,0,0
0,1,0,1,0,0,1,1
0,0,1,0,1,1,0,0
0,0,0,1,0,0,0,0
0,0,0,1,0,0,0,0
0,0,1,0,0,0,0,0
0,0,1,0,0,0,0,0
308,7
0,1,0,0,0,0,0
1,0,1,0,0,0,0
0,1,0,1,0,0,0
0,0,1,0,1,0,0
0,0,0,1,0,1,0
0,0,0,0,1,0,1
0,0,0,0,0,1,0
309,4
0,1,0,0
1,0,1,0
0,1,0,1
0,0,1,0
310,2
0,1
1,0
311,6
0,1,0,0,0,0
1,0,1,0,0,0
0,1,0,1,1,1
0,0,1,0,0,0
0,0,1,0,0,0
0,0,1,0,0,0
312,12
0,1,0,0,0,0,0,0,0,0,0,0
1,0,1,0,0,0,0,0,0,0,0,0
0,1,0,1,0,1,0,0,0,0,0,0
0,0,1,0,1,0,0,0,0,0,0,0
0,0,0,1,0,0,0,0,0,0,0,0
0,0,1,0,0,0,1,0,0,1,0,0
0,0,0,0,0,1,0,1,0,0,0,0
0,0,0,0,0,0,1,0,1,0,0,0
0,0,0,0,0,0,0,1,0,0,0,0
0,0,0,0,0,1,0,0,0,0,1,0
0,0,0,0,0,0,0,0,0,1,0,1
0,0,0,0,0,0,0,0,0,0,1,0
313,2
0,1
1,0
314,5
0,1,0,0,0
1,0,1,0,0
0,1,0,1,0
0,0,1,0,1
0,0,0,1,0
315,6
0,1,0,0,0,0
1,0,1,0,0,0
0,1,0,1,0,1
0,0,1,0,1,0
0,0,0,1,0,0
0,0,1,0,0,0
316,11
0,1,0,0,0,0,0,0,0,0,0
1,0,1,0,0,0,0,0,0,0,0
0,1,0,1,0,0,0,0,0,0,0
0,0,1,0,1,0,0,0,0,0,0
0,0,0,1,0,1,0,0,0,0,0
0,0,0,0,1,0,1,0,0,0,0
0,0,0,0,0,1,0,1,0,0,0
0,0,0,0,0,0,1,0,1,0,0
0,0,0,0,0,0,0,1,0,1,0
0,0,0,0,0,0,0,0,1,0,1
0,0,0,0,0,0,0,0,0,1,0
317,4
0,1,0,1
1,0,1,0
0,1,0,0
1,0,0,0
318,2
0,1
1,0
319,9
0,1,0,0,0,0,0,0,0
1,0,1,0,0,0,0,0,0
0,1,0,1,0,0,0,0,0
0,0,1,0,1,0,0,0,0
0,0,0,1,0,1,0,0,0
0,0,0,0,1,0,1,1,1
0,0,0,0,0,1,0,0,0
0,0,0,0,0,1,0,0,0
0,0,0,0,0,1,0,0,0
320,3
0,1,0
1,0,1
0,1,0
321,7
0,1,0,0,0,0,0
1,0,1,0,0,0,0
0,1,0,1,0,0,0
0,0,1,0,1,1,0
0,0,0,1,0,0,0
0,0,0,1,0,0,1
0,0,0,0,0,1,0
322,4
0,1,0,0
1,0,1,1
0,1,0,0
0,1,0,0
323,3
0,1,0
1,0,1
0,1,0
324,4
0,1,1,0
1,0,0,0
1,0,0,1
0,0,1,0
325,5
0,1,0,0,0
1,0,1,1,1
0,1,0,0,0
0,1,0,0,0
0,1,0,0,0
326,4
0,1,0,0
1,0,1,0
0,1,0,1
0,0,1,0
327,11
0,1,0,0,0,0,0,0,0,0,0
1,0,1,0,0,0,0,0,0,0,0
0,1,0,1,0,0,0,0,0,0,0
0,0,1,0,1,0,0,0,0,0,0
0,0,0,1,0,1,0,0,1,0,0
0,0,0,0,1,0,1,1,0,0,0
0,0,0,0,0,1,0,0,0,0,0
0,0,0,0,0,1,0,0,0,0,0
0,0,0,0,1,0,0,0,0,1,0
0,0,0,0,0,0,0,0,1,0,1
0,0,0,0,0,0,0,0,0,1,0
328,3
0,1,1
1,0,0
1,0,0
329,6
0,1,0,0,0,0
1,0,1,0,0,0
0,1,0,1,1,1
0,0,1,0,0,0
0,0,1,0,0,0
0,0,1,0,0,0
330,5
0,1,0,0,0
1,0,1,0,0
0,1,0,1,0
0,0,1,0,1
0,0,0,1,0
331,2
0,1
1,0
332,5
0,1,0,0,0
1,0,1,0,0
0,1,0,1,0
0,0,1,0,1
0,0,0,1,0
333,5
0,1,0,0,0
1,0,1,0,0
0,1,0,1,0
0,0,1,0,1
0,0,0,1,0
334,3
0,1,0
1,0,1
0,1,0
335,4
0,1,1,1
1,0,0,0
1,0,0,0
1,0,0,0
336,3
0,1,0
1,0,1
0,1,0
337,4
0,1,0,0
1,0,1,1
0,1,0,0
0,1,0,0
338,3
0,1,1
1,0,0
1,0,0
339,3
0,1,1
1,0,0
1,0,0
340,5
0,1,0,0,0
1,0,1,0,0
0,1,0,1,0
0,0,1,0,1
0,0,0,1,0
341,5
0,1,1,1,1
1,0,0,0,0
1,0,0,0,0
1,0,0,0,0
1,0,0,0,0
342,6
0,1,0,0,0,0
1,0,1,0,0,0
0,1,0,1,0,0
0,0,1,0,1,0
0,0,0,1,0,1
0,0,0,0,1,0
343,10
0,1,0,0,0,0,0,0,0,0
1,0,1,0,0,0,0,0,0,0
0,1,0,1,0,0,0,0,0,0
0,0,1,0,1,0,0,0,0,0
0,0,0,1,0,1,0,0,0,0
0,0,0,0,1,0,1,0,0,0
0,0,0,0,0,1,0,1,0,0
0,0,0,0,0,0,1,0,1,0
0,0,0,0,0,0,0,1,0,1
0,0,0,0,0,0,0,0,1,0
344,2
0,1
1,0
345,9
0,1,0,0,0,0,0,0,0
1,0,1,1,0,0,0,0,0
0,1,0,0,0,0,0,0,0
0,1,0,0,1,0,0,0,0
0,0,0,1,0,1,0,0,0
0,0,0,0,1,0,1,0,0
0,0,0,0,0,1,0,1,1
0,0,0,0,0,0,1,0,0
0,0,0,0,0,0,1,0,0
346,5
0,1,0,0,0
1,0,1,0,0
0,1,0,1,0
0,0,1,0,1
0,0,0,1,0
347,3
0,1,0
1,0,1
0,1,0
348,6
0,1,0,0,0,0
1,0,1,0,0,0
0,1,0,1,0,0
0,0,1,0,1,0
0,0,0,1,0,1
0,0,0,0,1,0
349,5
0,1,0,0,0
1,0,1,0,0
0,1,0,1,0
0,0,1,0,1
0,0,0,1,0
350,2
0,1
1,0
351,7
0,1,0,1,0,0,0
1,0,1,0,0,0,0
0,1,0,0,0,0,0
1,0,0,0,1,0,0
0,0,0,1,0,1,0
0,0,0,0,1,0,1
0,0,0,0,0,1,0
352,3
0,1,0
1,0,1
0,1,0
353,2
0,1
1,0
354,2
0,1
1,0
355,2
0,1
1,0
356,7
0,1,0,0,0,0,0
1,0,1,0,0,0,0
0,1,0,1,0,0,0
0,0,1,0,1,0,0
0,0,0,1,0,1,0
0,0,0,0,1,0,1
0,0,0,0,0,1,0
357,6
0,1,1,0,0,1
1,0,0,0,0,0
1,0,0,1,1,0
0,0,1,0,0,0
0,0,1,0,0,0
1,0,0,0,0,0
358,3
0,1,0
1,0,1
0,1,0
359,7
0,1,0,0,0,0,0
1,0,1,0,0,0,0
0,1,0,1,0,0,0
0,0,1,0,1,0,0
0,0,0,1,0,1,0
0,0,0,0,1,0,1
0,0,0,0,0,1,0
360,8
0,1,0,0,0,0,0,0
1,0,1,0,0,0,0,0
0,1,0,1,0,0,0,0
0,0,1,0,1,0,0,0
0,0,0,1,0,1,0,0
0,0,0,0,1,0,1,0
0,0,0,0,0,1,0,1
0,0,0,0,0,0,1,0
361,2
0,1
1,0
362,10
0,1,0,0,0,0,0,0,0,0
1,0,1,0,0,0,0,0,0,0
0,1,0,1,0,0,0,0,0,0
0,0,1,0,1,0,0,0,0,0
0,0,0,1,0,1,0,0,1,0
0,0,0,0,1,0,1,1,0,0
0,0,0,0,0,1,0,0,0,0
0,0,0,0,0,1,0,0,0,0
0,0,0,0,1,0,0,0,0,1
0,0,0,0,0,0,0,0,1,0
363,12
0,1,0,0,0,0,0,0,0,0,0,1
1,0,1,0,0,0,0,0,0,0,0,0
0,1,0,1,1,0,0,0,0,0,0,0
0,0,1,0,0,0,0,0,0,0,0,0
0,0,1,0,0,1,1,0,0,0,0,0
0,0,0,0,1,0,0,0,0,0,0,0
0,0,0,0,1,0,0,1,1,0,0,0
0,0,0,0,0,0,1,0,0,0,0,0
0,0,0,0,0,0,1,0,0,1,1,0
0,0,0,0,0,0,0,0,1,0,0,0
0,0,0,0,0,0,0,0,1,0,0,0
1,0,0,0,0,0,0,0,0,0,0,0
364,2
0,1
1,0
365,4
0,1,0,0
1,0,1,1
0,1,0,0
0,1,0,0
366,4
0,1,0,1
1,0,0,0
0,0,0,1
1,0,1,0
367,3
0,1,0
1,0,1
0,1,0
368,5
0,1,0,0,0
1,0,1,0,0
0,1,0,1,0
0,0,1,0,1
0,0,0,1,0
369,10
0,1,0,0,0,0,0,0,0,0
1,0,1,0,0,0,0,0,0,0
0,1,0,1,0,0,0,0,0,0
0,0,1,0,1,0,0,0,0,0
0,0,0,1,0,1,0,0,0,0
0,0,0,0,1,0,1,0,0,0
0,0,0,0,0,1,0,1,0,0
0,0,0,0,0,0,1,0,1,0
0,0,0,0,0,0,0,1,0,1
0,0,0,0,0,0,0,0,1,0
370,2
0,1
1,0
371,6
0,1,0,0,1,1
1,0,1,1,0,0
0,1,0,0,0,0
0,1,0,0,0,0
1,0,0,0,0,0
1,0,0,0,0,0
372,5
0,1,0,0,0
1,0,1,1,1
0,1,0,0,0
0,1,0,0,0
0,1,0,0,0
373,4
0,1,0,0
1,0,1,1
0,1,0,0
0,1,0,0
374,4
0,1,0,0
1,0,1,0
0,1,0,1
0,0,1,0
375,2
0,1
1,0
376,10
0,1,0,0,0,0,0,0,0,0
1,0,1,0,0,0,0,0,0,0
0,1,0,1,0,0,0,0,0,0
0,0,1,0,1,0,1,0,1,0
0,0,0,1,0,1,0,0,0,0
0,0,0,0,1,0,0,0,0,0
0,0,0,1,0,0,0,1,0,0
0,0,0,0,0,0,1,0,0,0
0,0,0,1,0,0,0,0,0,1
0,0,0,0,0,0,0,0,1,0
377,3
0,0,1
0,0,1
1,1,0
378,3
0,1,0
1,0,1
0,1,0
379,7
0,1,0,0,0,0,0
1,0,1,0,0,0,0
0,1,0,1,1,1,0
0,0,1,0,0,0,0
0,0,1,0,0,0,0
0,0,1,0,0,0,1
0,0,0,0,0,1,0
380,6
0,1,0,0,1,1
1,0,1,1,0,0
0,1,0,0,0,0
0,1,0,0,0,0
1,0,0,0,0,0
1,0,0,0,0,0
381,8
0,1,0,0,0,0,0,0
1,0,1,0,0,0,0,0
0,1,0,1,0,0,0,0
0,0,1,0,1,0,0,0
0,0,0,1,0,1,0,0
0,0,0,0,1,0,1,0
0,0,0,0,0,1,0,1
0,0,0,0,0,0,1,0
382,7
0,1,0,0,0,0,0
1,0,1,0,0,0,0
0,1,0,1,0,0,0
0,0,1,0,1,0,0
0,0,0,1,0,1,0
0,0,0,0,1,0,1
0,0,0,0,0,1,0
383,8
0,1,0,0,0,0,0,0
1,0,1,0,0,0,0,0
0,1,0,1,0,0,0,0
0,0,1,0,1,0,0,0
0,0,0,1,0,1,0,0
0,0,0,0,1,0,1,0
0,0,0,0,0,1,0,1
0,0,0,0,0,0,1,0
384,5
0,1,0,0,1
1,0,0,0,0
0,0,0,1,1
0,0,1,0,0
1,0,1,0,0
385,10
0,1,0,0,0,0,0,0,0,0
1,0,1,0,0,0,0,0,0,0
0,1,0,1,0,0,1,0,1,0
0,0,1,0,1,0,0,0,0,0
0,0,0,1,0,1,0,0,0,0
0,0,0,0,1,0,0,0,0,0
0,0,1,0,0,0,0,1,0,0
0,0,0,0,0,0,1,0,0,0
0,0,1,0,0,0,0,0,0,1
0,0,0,0,0,0,0,0,1,0
386,5
0,1,0,0,0
1,0,1,0,0
0,1,0,1,1
0,0,1,0,0
0,0,1,0,0
387,7
0,1,0,0,0,0,0
1,0,1,0,0,0,0
0,1,0,1,0,0,0
0,0,1,0,1,0,0
0,0,0,1,0,1,0
0,0,0,0,1,0,1
0,0,0,0,0,1,0
388,8
0,1,0,0,0,0,0,0
1,0,1,0,0,0,0,0
0,1,0,1,1,1,0,1
0,0,1,0,0,0,0,0
0,0,1,0,0,0,0,0
0,0,1,0,0,0,1,0
0,0,0,0,0,1,0,0
0,0,1,0,0,0,0,0
389,9
0,1,0,0,0,1,0,0,0
1,0,1,1,1,0,0,0,0
0,1,0,0,0,0,0,0,0
0,1,0,0,0,0,0,0,0
0,1,0,0,0,0,0,0,0
1,0,0,0,0,0,1,1,1
0,0,0,0,0,1,0,0,0
0,0,0,0,0,1,0,0,0
0,0,0,0,0,1,0,0,0
390,3
0,1,0
1,0,1
0,1,0
391,3
0,1,0
1,0,1
0,1,0
392,7
0,1,0,0,0,0,0
1,0,1,0,0,0,0
0,1,0,1,0,0,0
0,0,1,0,1,0,0
0,0,0,1,0,1,0
0,0,0,0,1,0,1
0,0,0,0,0,1,0
393,5
0,1,0,0,0
1,0,1,0,0
0,1,0,0,1
0,0,0,0,1
0,0,1,1,0
394,1
0
395,6
0,1,1,1,0,0
1,0,0,0,0,0
1,0,0,0,0,0
1,0,0,0,1,1
0,0,0,1,0,0
0,0,0,1,0,0
396,8
0,1,0,0,0,0,0,0
1,0,1,0,0,0,0,0
0,1,0,1,0,0,0,0
0,0,1,0,1,0,0,0
0,0,0,1,0,1,1,0
0,0,0,0,1,0,0,0
0,0,0,0,1,0,0,1
0,0,0,0,0,0,1,0
397,7
0,1,0,0,0,0,0
1,0,1,0,0,0,0
0,1,0,1,0,0,0
0,0,1,0,1,1,0
0,0,0,1,0,0,0
0,0,0,1,0,0,1
0,0,0,0,0,1,0
398,11
0,1,0,0,0,0,0,0,0,0,0
1,0,1,1,0,0,0,0,0,0,0
0,1,0,0,0,0,0,0,0,0,0
0,1,0,0,1,0,0,0,0,0,0
0,0,0,1,0,1,0,0,0,0,0
0,0,0,0,1,0,1,0,0,0,0
0,0,0,0,0,1,0,0,0,0,1
0,0,0,0,0,0,0,0,1,0,0
0,0,0,0,0,0,0,1,0,1,0
0,0,0,0,0,0,0,0,1,0,1
0,0,0,0,0,0,1,0,0,1,0
399,3
0,1,1
1,0,0
1,0,0
400,3
0,1,1
1,0,0
1,0,0
401,4
0,1,0,0
1,0,1,1
0,1,0,0
0,1,0,0
402,4
0,1,0,0
1,0,1,0
0,1,0,1
0,0,1,0
403,10
0,1,0,0,0,0,0,0,0,0
1,0,1,0,0,0,0,0,0,0
0,1,0,1,0,0,0,0,0,0
0,0,1,0,1,0,0,0,0,0
0,0,0,1,0,1,0,0,1,0
0,0,0,0,1,0,1,1,0,0
0,0,0,0,0,1,0,0,0,0
0,0,0,0,0,1,0,0,0,0
0,0,0,0,1,0,0,0,0,1
0,0,0,0,0,0,0,0,1,0
404,2
0,1
1,0
405,4
0,1,0,0
1,0,1,1
0,1,0,0
0,1,0,0
406,9
0,1,0,0,0,0,0,0,0
1,0,1,0,0,0,0,0,0
0,1,0,1,1,0,1,0,0
0,0,1,0,0,0,0,0,0
0,0,1,0,0,1,0,0,0
0,0,0,0,1,0,0,0,0
0,0,1,0,0,0,0,1,0
0,0,0,0,0,0,1,0,1
0,0,0,0,0,0,0,1,0
407,11
0,1,0,0,0,0,0,0,0,0,0
1,0,1,0,0,0,0,0,0,0,0
0,1,0,1,0,0,0,0,0,0,0
0,0,1,0,1,1,0,0,1,0,0
0,0,0,1,0,0,0,0,0,0,0
0,0,0,1,0,0,1,0,0,0,0
0,0,0,0,0,1,0,1,0,0,0
0,0,0,0,0,0,1,0,0,0,0
0,0,0,1,0,0,0,0,0,1,0
0,0,0,0,0,0,0,0,1,0,1
0,0,0,0,0,0,0,0,0,1,0
408,13
0,1,0,0,0,0,0,0,0,0,0,0,0
1,0,1,0,0,0,0,0,0,0,0,0,0
0,1,0,1,0,1,0,0,0,0,0,0,0
0,0,1,0,1,0,0,0,0,0,0,0,0
0,0,0,1,0,0,0,0,0,0,0,0,0
0,0,1,0,0,0,1,1,0,0,0,1,1
0,0,0,0,0,1,0,0,0,0,0,0,0
0,0,0,0,0,1,0,0,1,1,1,0,0
0,0,0,0,0,0,0,1,0,0,0,0,0
0,0,0,0,0,0,0,1,0,0,0,0,0
0,0,0,0,0,0,0,1,0,0,0,0,0
0,0,0,0,0,1,0,0,0,0,0,0,0
0,0,0,0,0,1,0,0,0,0,0,0,0
409,3
0,1,0
1,0,1
0,1,0
410,6
0,1,0,0,0,0
1,0,1,0,0,1
0,1,0,1,0,0
0,0,1,0,1,0
0,0,0,1,0,0
0,1,0,0,0,0
411,6
0,0,0,0,0,1
0,0,1,0,0,0
0,1,0,1,0,0
0,0,1,0,1,1
0,0,0,1,0,0
1,0,0,1,0,0
412,6
0,1,0,0,0,0
1,0,1,0,0,0
0,1,0,1,0,0
0,0,1,0,1,0
0,0,0,1,0,1
0,0,0,0,1,0
413,6
0,1,0,0,0,0
1,0,1,0,0,0
0,1,0,1,0,0
0,0,1,0,1,1
0,0,0,1,0,0
0,0,0,1,0,0
414,6
0,1,0,0,0,0
1,0,1,0,0,1
0,1,0,1,1,0
0,0,1,0,0,0
0,0,1,0,0,0
0,1,0,0,0,0
415,14
0,1,0,0,0,0,0,0,0,0,0,0,0,0
1,0,1,0,0,0,0,0,0,0,0,0,0,0
0,1,0,1,0,0,0,0,0,0,0,0,0,0
0,0,1,0,1,0,0,1,0,0,0,0,0,0
0,0,0,1,0,1,0,0,0,0,0,0,0,0
0,0,0,0,1,0,1,0,0,0,0,0,0,0
0,0,0,0,0,1,0,0,0,0,0,0,0,0
0,0,0,1,0,0,0,0,1,1,0,0,0,1
0,0,0,0,0,0,0,1,0,0,0,0,0,0
0,0,0,0,0,0,0,1,0,0,1,1,1,0
0,0,0,0,0,0,0,0,0,1,0,0,0,0
0,0,0,0,0,0,0,0,0,1,0,0,0,0
0,0,0,0,0,0,0,0,0,1,0,0,0,0
0,0,0,0,0,0,0,1,0,0,0,0,0,0
416,3
0,1,0
1,0,1
0,1,0
417,6
0,1,0,0,0,0
1,0,1,0,0,0
0,1,0,1,0,0
0,0,1,0,1,1
0,0,0,1,0,0
0,0,0,1,0,0
418,7
0,1,0,0,0,0,0
1,0,1,0,0,0,0
0,1,0,1,0,0,0
0,0,1,0,1,0,0
0,0,0,1,0,1,0
0,0,0,0,1,0,1
0,0,0,0,0,1,0
419,3
0,1,0
1,0,1
0,1,0
420,3
0,1,0
1,0,1
0,1,0
421,7
0,1,0,0,0,0,0
1,0,1,0,0,0,0
0,1,0,1,0,0,0
0,0,1,0,1,0,0
0,0,0,1,0,1,0
0,0,0,0,1,0,1
0,0,0,0,0,1,0
422,6
0,1,0,0,0,0
1,0,1,0,0,0
0,1,0,1,0,0
0,0,1,0,1,0
0,0,0,1,0,1
0,0,0,0,1,0
423,16
0,1,0,0,0,0,0,0,0,0,0,0,0,0,0,0
1,0,1,0,0,0,0,0,0,0,0,0,0,0,0,0
0,1,0,1,0,0,0,0,0,0,0,0,0,0,0,0
0,0,1,0,1,1,0,0,1,0,0,0,0,0,0,0
0,0,0,1,0,0,0,0,0,0,0,0,0,0,0,0
0,0,0,1,0,0,1,0,0,0,0,0,0,0,0,0
0,0,0,0,0,1,0,1,0,0,0,0,0,0,0,0
0,0,0,0,0,0,1,0,0,0,0,0,0,0,0,0
0,0,0,1,0,0,0,0,0,1,0,0,0,0,0,0
0,0,0,0,0,0,0,0,1,0,1,0,1,0,0,0
0,0,0,0,0,0,0,0,0,1,0,1,0,0,0,0
0,0,0,0,0,0,0,0,0,0,1,0,0,0,0,0
0,0,0,0,0,0,0,0,0,1,0,0,0,0,0,1
0,0,0,0,0,0,0,0,0,0,0,0,0,0,1,0
0,0,0,0,0,0,0,0,0,0,0,0,0,1,0,1
0,0,0,0,0,0,0,0,0,0,0,0,1,0,1,0
424,6
0,1,0,0,0,0
1,0,1,0,0,0
0,1,0,1,0,0
0,0,1,0,1,0
0,0,0,1,0,1
0,0,0,0,1,0
425,6
0,1,0,0,0,0
1,0,1,0,0,0
0,1,0,1,1,0
0,0,1,0,0,0
0,0,1,0,0,1
0,0,0,0,1,0
426,2
0,1
1,0
427,4
0,1,0,0
1,0,1,0
0,1,0,1
0,0,1,0
428,4
0,1,0,0
1,0,1,1
0,1,0,0
0,1,0,0
429,4
0,1,1,1
1,0,0,0
1,0,0,0
1,0,0,0
430,3
0,1,0
1,0,1
0,1,0
431,4
0,1,0,0
1,0,1,1
0,1,0,0
0,1,0,0
432,8
0,1,1,1,0,0,0,1
1,0,0,0,0,0,0,0
1,0,0,0,0,0,0,0
1,0,0,0,0,0,0,0
0,0,0,0,0,1,1,1
0,0,0,0,1,0,0,0
0,0,0,0,1,0,0,0
1,0,0,0,1,0,0,0
433,5
0,1,1,0,1
1,0,0,0,0
1,0,0,1,0
0,0,1,0,0
1,0,0,0,0
434,3
0,1,0
1,0,1
0,1,0
435,5
0,1,1,1,1
1,0,0,0,0
1,0,0,0,0
1,0,0,0,0
1,0,0,0,0
436,9
0,1,0,0,0,0,0,0,0
1,0,1,0,0,0,0,0,0
0,1,0,1,0,0,0,0,0
0,0,1,0,1,0,0,1,0
0,0,0,1,0,1,0,0,0
0,0,0,0,1,0,1,0,0
0,0,0,0,0,1,0,0,0
0,0,0,1,0,0,0,0,1
0,0,0,0,0,0,0,1,0
437,3
0,1,0
1,0,1
0,1,0
438,9
0,1,0,0,0,0,0,0,0
1,0,1,0,0,0,0,0,0
0,1,0,1,0,0,0,0,0
0,0,1,0,1,0,0,0,0
0,0,0,1,0,1,0,0,0
0,0,0,0,1,0,1,0,0
0,0,0,0,0,1,0,1,0
0,0,0,0,0,0,1,0,1
0,0,0,0,0,0,0,1,0
439,4
0,1,0,0
1,0,1,0
0,1,0,1
0,0,1,0
440,5
0,1,1,1,1
1,0,0,0,0
1,0,0,0,0
1,0,0,0,0
1,0,0,0,0
441,4
0,1,0,0
1,0,1,0
0,1,0,1
0,0,1,0
442,6
0,1,0,0,0,0
1,0,1,1,0,0
0,1,0,0,0,0
0,1,0,0,1,0
0,0,0,1,0,1
0,0,0,0,1,0
443,4
0,1,0,0
1,0,1,0
0,1,0,1
0,0,1,0
444,14
0,1,0,0,0,0,0,0,0,0,0,0,0,0
1,0,1,0,0,0,0,0,0,0,0,0,0,0
0,1,0,1,0,0,0,0,0,0,0,0,0,0
0,0,1,0,1,0,0,0,0,0,0,0,0,0
0,0,0,1,0,1,0,0,0,0,0,0,0,1
0,0,0,0,1,0,0,0,0,0,0,0,0,0
0,0,0,0,0,0,0,1,0,0,0,0,0,0
0,0,0,0,0,0,1,0,1,0,0,0,0,1
0,0,0,0,0,0,0,1,0,1,0,0,0,0
0,0,0,0,0,0,0,0,1,0,1,1,1,0
0,0,0,0,0,0,0,0,0,1,0,0,0,0
0,0,0,0,0,0,0,0,0,1,0,0,0,0
0,0,0,0,0,0,0,0,0,1,0,0,0,0
0,0,0,0,1,0,0,1,0,0,0,0,0,0
445,9
0,1,0,0,0,0,0,0,0
1,0,1,0,0,0,0,0,0
0,1,0,1,0,0,0,0,0
0,0,1,0,1,0,0,1,0
0,0,0,1,0,1,0,0,0
0,0,0,0,1,0,1,0,0
0,0,0,0,0,1,0,0,0
0,0,0,1,0,0,0,0,1
0,0,0,0,0,0,0,1,0
446,3
0,1,0
1,0,1
0,1,0
447,6
0,1,0,0,0,0
1,0,1,0,0,0
0,1,0,1,0,0
0,0,1,0,1,0
0,0,0,1,0,1
0,0,0,0,1,0
448,4
0,1,0,1
1,0,1,0
0,1,0,0
1,0,0,0
449,7
0,1,0,0,0,1,1
1,0,1,1,1,0,0
0,1,0,0,0,0,0
0,1,0,0,0,0,0
0,1,0,0,0,0,0
1,0,0,0,0,0,0
1,0,0,0,0,0,0
450,7
0,1,0,0,0,1,1
1,0,1,1,1,0,0
0,1,0,0,0,0,0
0,1,0,0,0,0,0
0,1,0,0,0,0,0
1,0,0,0,0,0,0
1,0,0,0,0,0,0
451,4
0,1,0,0
1,0,1,1
0,1,0,0
0,1,0,0
452,5
0,1,0,0,0
1,0,1,0,0
0,1,0,1,0
0,0,1,0,1
0,0,0,1,0
453,2
0,1
1,0
454,3
0,1,0
1,0,1
0,1,0
455,6
0,1,0,0,0,0
1,0,1,0,0,0
0,1,0,1,0,0
0,0,1,0,1,0
0,0,0,1,0,1
0,0,0,0,1,0
456,1
0
457,4
0,1,0,0
1,0,1,0
0,1,0,1
0,0,1,0
458,5
0,1,0,0,0
1,0,1,0,0
0,1,0,1,0
0,0,1,0,1
0,0,0,1,0
459,10
0,1,0,0,0,0,1,1,1,1
1,0,1,1,1,1,0,0,0,0
0,1,0,0,0,0,0,0,0,0
0,1,0,0,0,0,0,0,0,0
0,1,0,0,0,0,0,0,0,0
0,1,0,0,0,0,0,0,0,0
1,0,0,0,0,0,0,0,0,0
1,0,0,0,0,0,0,0,0,0
1,0,0,0,0,0,0,0,0,0
1,0,0,0,0,0,0,0,0,0
460,15
0,1,0,0,0,0,0,0,0,0,0,0,0,0,0
1,0,1,0,0,0,0,0,0,0,0,0,0,0,0
0,1,0,1,0,0,0,0,0,0,0,0,0,0,0
0,0,1,0,1,0,0,0,1,0,0,0,0,0,0
0,0,0,1,0,1,0,0,0,0,0,0,0,0,0
0,0,0,0,1,0,0,1,0,0,0,0,0,0,0
0,0,0,0,0,0,0,1,0,0,0,0,0,0,0
0,0,0,0,0,1,1,0,0,0,0,0,0,0,0
0,0,0,1,0,0,0,0,0,1,1,0,0,0,1
0,0,0,0,0,0,0,0,1,0,0,0,0,0,0
0,0,0,0,0,0,0,0,1,0,0,1,1,1,0
0,0,0,0,0,0,0,0,0,0,1,0,0,0,0
0,0,0,0,0,0,0,0,0,0,1,0,0,0,0
0,0,0,0,0,0,0,0,0,0,1,0,0,0,0
0,0,0,0,0,0,0,0,1,0,0,0,0,0,0
461,2
0,1
1,0
462,2
0,1
1,0
463,3
0,1,0
1,0,1
0,1,0
464,5
0,1,0,0,0
1,0,1,0,0
0,1,0,1,0
0,0,1,0,1
0,0,0,1,0
465,4
0,1,0,0
1,0,1,0
0,1,0,1
0,0,1,0
466,2
0,1
1,0
467,4
0,1,0,0
1,0,1,0
0,1,0,1
0,0,1,0
468,3
0,1,0
1,0,1
0,1,0
469,6
0,1,0,0,0,0
1,0,1,0,0,0
0,1,0,1,0,0
0,0,1,0,1,0
0,0,0,1,0,1
0,0,0,0,1,0
470,10
0,1,0,0,0,0,0,0,0,0
1,0,1,1,0,0,0,0,1,0
0,1,0,0,0,0,0,0,0,0
0,1,0,0,1,0,0,0,0,0
0,0,0,1,0,1,0,0,0,0
0,0,0,0,1,0,1,0,0,0
0,0,0,0,0,1,0,1,0,0
0,0,0,0,0,0,1,0,0,0
0,1,0,0,0,0,0,0,0,1
0,0,0,0,0,0,0,0,1,0
471,3
0,1,0
1,0,1
0,1,0
472,4
0,1,0,0
1,0,1,1
0,1,0,0
0,1,0,0
473,4
0,1,0,0
1,0,1,0
0,1,0,1
0,0,1,0
474,4
0,1,0,0
1,0,1,0
0,1,0,1
0,0,1,0
475,4
0,1,0,0
1,0,1,1
0,1,0,0
0,1,0,0
476,5
0,1,0,1,0
1,0,1,0,0
0,1,0,0,0
1,0,0,0,1
0,0,0,1,0
477,3
0,1,0
1,0,1
0,1,0
478,5
0,1,0,0,0
1,0,1,0,1
0,1,0,1,0
0,0,1,0,0
0,1,0,0,0
479,3
0,1,1
1,0,0
1,0,0
480,5
0,1,0,0,1
1,0,0,0,0
0,0,0,1,1
0,0,1,0,0
1,0,1,0,0
481,3
0,1,0
1,0,1
0,1,0
482,3
0,1,0
1,0,1
0,1,0
483,13
0,1,0,0,0,0,0,0,0,0,0,0,0
1,0,1,0,0,0,0,0,0,0,0,0,0
0,1,0,1,0,0,0,0,0,0,0,0,0
0,0,1,0,1,1,0,0,1,0,0,0,0
0,0,0,1,0,0,0,0,0,0,0,0,0
0,0,0,1,0,0,1,0,0,0,0,0,0
0,0,0,0,0,1,0,1,0,0,0,0,0
0,0,0,0,0,0,1,0,0,0,0,0,0
0,0,0,1,0,0,0,0,0,1,0,0,0
0,0,0,0,0,0,0,0,1,0,1,0,0
0,0,0,0,0,0,0,0,0,1,0,1,0
0,0,0,0,0,0,0,0,0,0,1,0,1
0,0,0,0,0,0,0,0,0,0,0,1,0
484,8
0,1,0,0,0,0,0,0
1,0,1,0,0,0,0,0
0,1,0,1,0,0,0,0
0,0,1,0,1,0,0,0
0,0,0,1,0,1,0,0
0,0,0,0,1,0,1,0
0,0,0,0,0,1,0,1
0,0,0,0,0,0,1,0
485,3
0,1,0
1,0,1
0,1,0
486,3
0,1,0
1,0,1
0,1,0
487,10
0,1,1,1,0,0,0,0,0,1
1,0,0,0,0,0,0,0,0,0
1,0,0,0,0,0,0,0,0,0
1,0,0,0,0,0,0,0,0,0
0,0,0,0,0,1,1,1,1,1
0,0,0,0,1,0,0,0,0,0
0,0,0,0,1,0,0,0,0,0
0,0,0,0,1,0,0,0,0,0
0,0,0,0,1,0,0,0,0,0
1,0,0,0,1,0,0,0,0,0
488,3
0,1,0
1,0,1
0,1,0
489,4
0,1,0,0
1,0,1,1
0,1,0,0
0,1,0,0
490,7
0,1,1,0,0,0,1
1,0,0,0,0,0,0
1,0,0,1,1,1,0
0,0,1,0,0,0,0
0,0,1,0,0,0,0
0,0,1,0,0,0,0
1,0,0,0,0,0,0
491,6
0,1,0,0,0,0
1,0,1,0,0,0
0,1,0,1,0,0
0,0,1,0,1,0
0,0,0,1,0,1
0,0,0,0,1,0
492,6
0,1,0,0,0,0
1,0,1,0,0,0
0,1,0,1,0,0
0,0,1,0,1,0
0,0,0,1,0,1
0,0,0,0,1,0
493,6
0,1,0,0,0,0
1,0,1,1,0,0
0,1,0,0,0,0
0,1,0,0,1,0
0,0,0,1,0,1
0,0,0,0,1,0
494,5
0,0,0,0,1
0,0,1,0,0
0,1,0,1,0
0,0,1,0,1
1,0,0,1,0
495,8
0,1,0,0,0,0,0,0
1,0,1,0,0,0,0,0
0,1,0,1,0,0,0,0
0,0,1,0,1,0,0,0
0,0,0,1,0,1,0,0
0,0,0,0,1,0,1,0
0,0,0,0,0,1,0,1
0,0,0,0,0,0,1,0
496,14
0,1,0,0,0,0,0,0,0,0,0,0,0,0
1,0,1,0,0,0,0,0,0,0,0,0,0,0
0,1,0,1,0,0,0,0,0,0,0,0,0,0
0,0,1,0,1,0,0,1,0,0,0,0,0,0
0,0,0,1,0,1,0,0,0,0,0,0,0,0
0,0,0,0,1,0,1,0,0,0,0,0,0,0
0,0,0,0,0,1,0,0,0,0,0,0,0,0
0,0,0,1,0,0,0,0,1,1,0,0,0,1
0,0,0,0,0,0,0,1,0,0,0,0,0,0
0,0,0,0,0,0,0,1,0,0,1,1,1,0
0,0,0,0,0,0,0,0,0,1,0,0,0,0
0,0,0,0,0,0,0,0,0,1,0,0,0,0
0,0,0,0,0,0,0,0,0,1,0,0,0,0
0,0,0,0,0,0,0,1,0,0,0,0,0,0
497,12
0,1,0,0,0,0,0,0,0,0,0,0
1,0,1,0,0,0,0,0,0,0,0,1
0,1,0,1,0,0,0,0,0,0,0,0
0,0,1,0,1,0,0,0,0,0,0,0
0,0,0,1,0,1,0,0,0,0,0,0
0,0,0,0,1,0,1,1,0,1,0,0
0,0,0,0,0,1,0,0,0,0,0,0
0,0,0,0,0,1,0,0,1,0,0,0
0,0,0,0,0,0,0,1,0,0,0,0
0,0,0,0,0,1,0,0,0,0,1,0
0,0,0,0,0,0,0,0,0,1,0,0
0,1,0,0,0,0,0,0,0,0,0,0
498,8
0,1,0,0,0,0,0,0
1,0,1,0,0,0,1,0
0,1,0,1,0,0,0,0
0,0,1,0,1,0,0,0
0,0,0,1,0,1,0,0
0,0,0,0,1,0,0,0
0,1,0,0,0,0,0,1
0,0,0,0,0,0,1,0
499,7
0,1,0,0,0,0,0
1,0,1,1,0,0,0
0,1,0,0,0,0,0
0,1,0,0,1,0,0
0,0,0,1,0,1,1
0,0,0,0,1,0,0
0,0,0,0,1,0,0
500,7
0,1,0,0,0,0,0
1,0,1,0,0,0,0
0,1,0,1,0,0,0
0,0,1,0,1,0,0
0,0,0,1,0,1,1
0,0,0,0,1,0,0
0,0,0,0,1,0,0
501,7
0,1,0,0,0,0,0
1,0,1,1,1,1,1
0,1,0,0,0,0,0
0,1,0,0,0,0,0
0,1,0,0,0,0,0
0,1,0,0,0,0,0
0,1,0,0,0,0,0
502,7
0,1,0,0,0,1,1
1,0,1,1,1,0,0
0,1,0,0,0,0,0
0,1,0,0,0,0,0
0,1,0,0,0,0,0
1,0,0,0,0,0,0
1,0,0,0,0,0,0
503,9
0,1,0,0,0,0,0,0,0
1,0,1,0,0,0,0,0,0
0,1,0,1,0,0,0,0,0
0,0,1,0,1,0,0,0,0
0,0,0,1,0,1,0,0,0
0,0,0,0,1,0,1,0,0
0,0,0,0,0,1,0,1,0
0,0,0,0,0,0,1,0,1
0,0,0,0,0,0,0,1,0
504,10
0,1,0,0,0,0,0,0,0,0
1,0,1,0,0,0,0,0,0,0
0,1,0,1,0,0,0,0,0,0
0,0,1,0,1,0,0,0,0,0
0,0,0,1,0,1,0,0,0,0
0,0,0,0,1,0,0,0,0,1
0,0,0,0,0,0,0,1,0,0
0,0,0,0,0,0,1,0,1,0
0,0,0,0,0,0,0,1,0,1
0,0,0,0,0,1,0,0,1,0
505,7
0,1,0,0,0,0,0
1,0,1,1,0,0,0
0,1,0,0,0,0,0
0,1,0,0,1,0,0
0,0,0,1,0,1,1
0,0,0,0,1,0,0
0,0,0,0,1,0,0
506,3
0,1,0
1,0,1
0,1,0
507,4
0,1,0,0
1,0,1,0
0,1,0,1
0,0,1,0
508,7
0,1,0,0,0,0,0
1,0,1,0,0,0,0
0,1,0,1,0,0,0
0,0,1,0,1,1,0
0,0,0,1,0,0,0
0,0,0,1,0,0,1
0,0,0,0,0,1,0
509,7
0,1,1,0,0,0,1
1,0,0,0,0,0,0
1,0,0,1,1,1,0
0,0,1,0,0,0,0
0,0,1,0,0,0,0
0,0,1,0,0,0,0
1,0,0,0,0,0,0
510,7
0,1,0,0,0,0,0
1,0,1,0,0,0,0
0,1,0,1,0,0,1
0,0,1,0,1,1,0
0,0,0,1,0,0,0
0,0,0,1,0,0,0
0,0,1,0,0,0,0
511,6
0,1,0,0,0,0
1,0,1,0,0,0
0,1,0,1,0,0
0,0,1,0,1,0
0,0,0,1,0,1
0,0,0,0,1,0
512,5
0,1,0,0,0
1,0,1,0,0
0,1,0,1,1
0,0,1,0,0
0,0,1,0,0
513,5
0,1,0,0,0
1,0,1,0,0
0,1,0,1,0
0,0,1,0,1
0,0,0,1,0
514,8
0,1,0,0,0,0,0,0
1,0,1,0,0,0,0,0
0,1,0,1,1,0,0,0
0,0,1,0,0,0,0,0
0,0,1,0,0,1,1,1
0,0,0,0,1,0,0,0
0,0,0,0,1,0,0,0
0,0,0,0,1,0,0,0
515,5
0,1,0,0,0
1,0,1,0,0
0,1,0,1,0
0,0,1,0,1
0,0,0,1,0
516,7
0,1,0,0,0,0,0
1,0,1,0,0,0,0
0,1,0,1,0,0,0
0,0,1,0,1,0,0
0,0,0,1,0,1,1
0,0,0,0,1,0,0
0,0,0,0,1,0,0
517,7
0,1,0,0,0,0,0
1,0,1,0,0,0,1
0,1,0,1,0,0,0
0,0,1,0,1,0,0
0,0,0,1,0,1,0
0,0,0,0,1,0,0
0,1,0,0,0,0,0
518,12
0,1,1,1,0,0,0,0,0,0,0,0
1,0,0,0,0,0,0,0,0,0,0,0
1,0,0,0,0,0,0,0,0,0,0,0
1,0,0,0,1,1,1,0,0,0,0,0
0,0,0,1,0,0,0,0,0,0,0,0
0,0,0,1,0,0,0,0,0,0,0,0
0,0,0,1,0,0,0,1,1,1,0,0
0,0,0,0,0,0,1,0,0,0,0,0
0,0,0,0,0,0,1,0,0,0,0,0
0,0,0,0,0,0,1,0,0,0,1,1
0,0,0,0,0,0,0,0,0,1,0,0
0,0,0,0,0,0,0,0,0,1,0,0
519,7
0,1,0,0,0,0,0
1,0,1,1,0,0,0
0,1,0,0,0,0,0
0,1,0,0,1,0,0
0,0,0,1,0,1,0
0,0,0,0,1,0,1
0,0,0,0,0,1,0
520,7
0,1,0,0,0,0,0
1,0,1,0,0,0,0
0,1,0,1,0,0,0
0,0,1,0,1,0,0
0,0,0,1,0,1,0
0,0,0,0,1,0,1
0,0,0,0,0,1,0
521,6
0,1,0,0,0,0
1,0,1,1,0,0
0,1,0,0,0,0
0,1,0,0,1,0
0,0,0,1,0,1
0,0,0,0,1,0
522,6
0,1,0,0,0,0
1,0,1,0,0,0
0,1,0,1,0,0
0,0,1,0,1,0
0,0,0,1,0,1
0,0,0,0,1,0
523,3
0,1,1
1,0,0
1,0,0
524,6
0,1,0,0,0,0
1,0,1,0,0,0
0,1,0,1,0,0
0,0,1,0,1,0
0,0,0,1,0,1
0,0,0,0,1,0
525,8
0,1,0,0,0,0,0,0
1,0,1,0,0,0,0,0
0,1,0,1,0,0,0,0
0,0,1,0,1,1,0,0
0,0,0,1,0,0,0,0
0,0,0,1,0,0,1,0
0,0,0,0,0,1,0,1
0,0,0,0,0,0,1,0
526,14
0,1,0,0,0,0,0,0,0,0,0,0,0,0
1,0,1,0,0,0,0,0,0,0,0,0,0,0
0,1,0,1,0,0,0,0,0,0,0,0,0,0
0,0,1,0,1,0,0,0,0,0,0,0,0,0
0,0,0,1,0,1,0,1,0,0,0,0,0,0
0,0,0,0,1,0,1,0,0,0,0,0,0,0
0,0,0,0,0,1,0,0,0,0,0,0,0,0
0,0,0,0,1,0,0,0,1,1,0,0,0,1
0,0,0,0,0,0,0,1,0,0,0,0,0,0
0,0,0,0,0,0,0,1,0,0,1,1,1,0
0,0,0,0,0,0,0,0,0,1,0,0,0,0
0,0,0,0,0,0,0,0,0,1,0,0,0,0
0,0,0,0,0,0,0,0,0,1,0,0,0,0
0,0,0,0,0,0,0,1,0,0,0,0,0,0
527,2
0,1
1,0
528,19
0,0,0,0,0,0,0,1,0,0,0,0,0,0,0,0,0,0,0
0,0,1,0,0,0,0,0,0,0,0,0,0,0,1,0,0,0,0
0,1,0,1,0,0,0,0,1,0,0,0,0,0,0,0,0,0,0
0,0,1,0,1,0,0,0,0,0,0,0,0,0,0,0,0,0,0
0,0,0,1,0,1,0,0,0,0,0,0,0,0,0,0,0,0,0
0,0,0,0,1,0,1,1,0,0,0,0,0,0,0,0,0,0,0
0,0,0,0,0,1,0,0,0,0,0,0,0,0,0,0,0,0,0
1,0,0,0,0,1,0,0,0,0,0,0,0,0,0,0,0,0,0
0,0,1,0,0,0,0,0,0,1,0,0,0,0,0,0,1,0,0
0,0,0,0,0,0,0,0,1,0,0,0,0,0,0,0,0,0,0
0,0,0,0,0,0,0,0,0,0,0,1,1,0,0,0,0,0,0
0,0,0,0,0,0,0,0,0,0,1,0,0,0,0,0,0,0,0
0,0,0,0,0,0,0,0,0,0,1,0,0,1,1,0,0,0,0
0,0,0,0,0,0,0,0,0,0,0,0,1,0,0,0,0,0,0
0,1,0,0,0,0,0,0,0,0,0,0,1,0,0,1,0,0,0
0,0,0,0,0,0,0,0,0,0,0,0,0,0,1,0,0,0,0
0,0,0,0,0,0,0,0,1,0,0,0,0,0,0,0,0,1,1
0,0,0,0,0,0,0,0,0,0,0,0,0,0,0,0,1,0,0
0,0,0,0,0,0,0,0,0,0,0,0,0,0,0,0,1,0,0
529,5
0,1,0,0,0
1,0,1,0,0
0,1,0,1,0
0,0,1,0,1
0,0,0,1,0
530,4
0,1,0,0
1,0,1,0
0,1,0,1
0,0,1,0
531,4
0,1,0,0
1,0,1,0
0,1,0,1
0,0,1,0
532,7
0,1,0,0,0,0,0
1,0,1,0,0,0,0
0,1,0,1,0,0,0
0,0,1,0,1,0,0
0,0,0,1,0,1,0
0,0,0,0,1,0,1
0,0,0,0,0,1,0
533,5
0,1,1,1,1
1,0,0,0,0
1,0,0,0,0
1,0,0,0,0
1,0,0,0,0
534,3
0,1,0
1,0,1
0,1,0
535,3
0,1,0
1,0,1
0,1,0
536,8
0,1,0,0,0,0,0,0
1,0,1,0,0,0,0,0
0,1,0,1,0,0,0,0
0,0,1,0,0,0,0,1
0,0,0,0,0,1,0,0
0,0,0,0,1,0,1,0
0,0,0,0,0,1,0,1
0,0,0,1,0,0,1,0
537,4
0,1,1,1
1,0,0,0
1,0,0,0
1,0,0,0
538,6
0,1,0,0,0,0
1,0,1,0,0,0
0,1,0,1,0,0
0,0,1,0,1,0
0,0,0,1,0,1
0,0,0,0,1,0
539,3
0,1,1
1,0,0
1,0,0
540,6
0,1,0,0,0,0
1,0,1,1,0,0
0,1,0,0,0,0
0,1,0,0,1,0
0,0,0,1,0,1
0,0,0,0,1,0
541,6
0,1,0,0,0,0
1,0,1,0,0,0
0,1,0,1,0,0
0,0,1,0,1,0
0,0,0,1,0,1
0,0,0,0,1,0
542,9
0,1,0,0,0,0,0,0,0
1,0,1,1,1,0,0,0,1
0,1,0,0,0,0,0,0,0
0,1,0,0,0,0,0,0,0
0,1,0,0,0,1,1,1,0
0,0,0,0,1,0,0,0,0
0,0,0,0,1,0,0,0,0
0,0,0,0,1,0,0,0,0
0,1,0,0,0,0,0,0,0
543,9
0,1,0,0,0,0,0,0,0
1,0,1,1,0,0,0,0,0
0,1,0,0,0,0,0,0,0
0,1,0,0,1,0,0,0,0
0,0,0,1,0,1,0,0,0
0,0,0,0,1,0,1,1,1
0,0,0,0,0,1,0,0,0
0,0,0,0,0,1,0,0,0
0,0,0,0,0,1,0,0,0
544,8
0,1,0,0,0,0,0,0
1,0,1,0,0,0,0,0
0,1,0,1,0,0,0,0
0,0,1,0,1,0,0,0
0,0,0,1,0,1,0,0
0,0,0,0,1,0,1,0
0,0,0,0,0,1,0,1
0,0,0,0,0,0,1,0
545,19
0,0,0,0,1,0,0,0,0,0,0,0,0,0,0,0,0,0,0
0,0,1,0,0,0,1,0,0,0,0,0,0,0,0,0,0,0,0
0,1,0,0,0,0,0,0,0,0,0,0,0,0,1,0,0,0,0
0,0,0,0,1,0,0,0,1,0,0,0,0,0,0,0,0,0,0
1,0,0,1,0,1,0,0,0,0,0,0,0,0,0,0,0,0,0
0,0,0,0,1,0,1,1,0,0,0,0,0,0,0,0,0,0,0
0,1,0,0,0,1,0,0,0,0,0,0,0,0,0,0,0,0,0
0,0,0,0,0,1,0,0,0,0,0,0,0,0,0,0,0,0,0
0,0,0,1,0,0,0,0,0,1,0,0,0,0,0,0,1,0,0
0,0,0,0,0,0,0,0,1,0,0,0,0,0,0,0,0,0,0
0,0,0,0,0,0,0,0,0,0,0,1,1,0,0,0,0,0,0
0,0,0,0,0,0,0,0,0,0,1,0,0,0,0,0,0,0,0
0,0,0,0,0,0,0,0,0,0,1,0,0,1,1,0,0,0,0
0,0,0,0,0,0,0,0,0,0,0,0,1,0,0,0,0,0,0
0,0,1,0,0,0,0,0,0,0,0,0,1,0,0,1,0,0,0
0,0,0,0,0,0,0,0,0,0,0,0,0,0,1,0,0,0,0
0,0,0,0,0,0,0,0,1,0,0,0,0,0,0,0,0,1,1
0,0,0,0,0,0,0,0,0,0,0,0,0,0,0,0,1,0,0
0,0,0,0,0,0,0,0,0,0,0,0,0,0,0,0,1,0,0
546,3
0,1,0
1,0,1
0,1,0
547,4
0,1,0,0
1,0,1,1
0,1,0,0
0,1,0,0
548,6
0,1,0,0,0,1
1,0,1,0,1,0
0,1,0,1,0,0
0,0,1,0,0,0
0,1,0,0,0,0
1,0,0,0,0,0
549,4
0,1,0,0
1,0,1,0
0,1,0,1
0,0,1,0
550,5
0,1,0,0,0
1,0,1,0,0
0,1,0,1,0
0,0,1,0,1
0,0,0,1,0
551,6
0,1,0,0,0,1
1,0,1,1,1,0
0,1,0,0,0,0
0,1,0,0,0,0
0,1,0,0,0,0
1,0,0,0,0,0
552,4
0,1,0,0
1,0,1,0
0,1,0,1
0,0,1,0
553,5
0,0,0,0,1
0,0,1,0,0
0,1,0,1,0
0,0,1,0,1
1,0,0,1,0
554,3
0,1,0
1,0,1
0,1,0
555,3
0,1,0
1,0,1
0,1,0
556,5
0,1,0,0,0
1,0,1,0,0
0,1,0,1,0
0,0,1,0,1
0,0,0,1,0
557,2
0,1
1,0
558,3
0,1,0
1,0,1
0,1,0
559,2
0,1
1,0
560,3
0,1,0
1,0,1
0,1,0
561,6
0,1,0,0,1,0
1,0,1,0,0,0
0,1,0,1,0,0
0,0,1,0,0,0
1,0,0,0,0,1
0,0,0,0,1,0
562,5
0,1,0,0,0
1,0,1,0,0
0,1,0,1,0
0,0,1,0,1
0,0,0,1,0
563,5
0,1,0,0,0
1,0,1,1,1
0,1,0,0,0
0,1,0,0,0
0,1,0,0,0
564,7
0,1,0,0,0,0,0
1,0,1,0,0,0,0
0,1,0,1,0,0,0
0,0,1,0,1,0,0
0,0,0,1,0,1,0
0,0,0,0,1,0,1
0,0,0,0,0,1,0
565,7
0,1,0,0,0,0,0
1,0,1,0,0,0,1
0,1,0,1,1,1,0
0,0,1,0,0,0,0
0,0,1,0,0,0,0
0,0,1,0,0,0,0
0,1,0,0,0,0,0
566,6
0,1,0,0,0,0
1,0,1,0,0,0
0,1,0,1,0,0
0,0,1,0,1,0
0,0,0,1,0,1
0,0,0,0,1,0
567,8
0,1,0,0,0,0,0,0
1,0,1,0,0,0,0,0
0,1,0,1,0,0,0,0
0,0,1,0,1,0,0,0
0,0,0,1,0,1,0,0
0,0,0,0,1,0,1,0
0,0,0,0,0,1,0,1
0,0,0,0,0,0,1,0
568,10
0,1,0,0,0,0,0,0,0,0
1,0,1,0,0,0,0,0,0,0
0,1,0,1,0,0,0,0,0,0
0,0,1,0,1,0,0,0,0,0
0,0,0,1,0,1,0,0,1,0
0,0,0,0,1,0,1,1,0,0
0,0,0,0,0,1,0,0,0,0
0,0,0,0,0,1,0,0,0,0
0,0,0,0,1,0,0,0,0,1
0,0,0,0,0,0,0,0,1,0
569,4
0,1,0,0
1,0,1,1
0,1,0,0
0,1,0,0
570,7
0,1,0,0,0,0,0
1,0,1,0,0,0,0
0,1,0,1,0,0,0
0,0,1,0,1,0,0
0,0,0,1,0,1,0
0,0,0,0,1,0,1
0,0,0,0,0,1,0
571,7
0,1,0,0,0,0,0
1,0,1,0,0,0,0
0,1,0,1,0,0,0
0,0,1,0,1,0,0
0,0,0,1,0,1,0
0,0,0,0,1,0,1
0,0,0,0,0,1,0
572,4
0,1,0,0
1,0,1,1
0,1,0,0
0,1,0,0
573,6
0,1,0,0,0,0
1,0,1,0,0,0
0,1,0,1,0,0
0,0,1,0,1,0
0,0,0,1,0,1
0,0,0,0,1,0
574,6
0,1,0,0,0,0
1,0,1,0,0,0
0,1,0,1,0,0
0,0,1,0,1,1
0,0,0,1,0,0
0,0,0,1,0,0
575,8
0,1,0,0,0,0,0,0
1,0,1,0,0,0,0,0
0,1,0,1,0,0,0,0
0,0,1,0,1,0,0,0
0,0,0,1,0,1,1,0
0,0,0,0,1,0,0,0
0,0,0,0,1,0,0,1
0,0,0,0,0,0,1,0
576,8
0,1,0,0,0,0,0,0
1,0,1,0,0,0,0,1
0,1,0,1,0,0,0,0
0,0,1,0,1,0,0,0
0,0,0,1,0,1,1,0
0,0,0,0,1,0,0,0
0,0,0,0,1,0,0,0
0,1,0,0,0,0,0,0
577,15
0,1,0,0,0,0,0,0,0,0,0,0,0,0,0
1,0,1,0,0,0,0,0,0,0,0,0,0,0,0
0,1,0,1,0,0,0,0,0,0,0,0,0,0,0
0,0,1,0,1,0,0,0,0,0,0,0,0,0,0
0,0,0,1,0,1,0,0,1,0,0,0,0,0,0
0,0,0,0,1,0,1,0,0,0,0,0,0,0,0
0,0,0,0,0,1,0,1,0,0,0,0,0,0,0
0,0,0,0,0,0,1,0,0,0,0,0,0,0,0
0,0,0,0,1,0,0,0,0,1,0,0,0,0,0
0,0,0,0,0,0,0,0,1,0,1,1,0,1,0
0,0,0,0,0,0,0,0,0,1,0,0,0,0,0
0,0,0,0,0,0,0,0,0,1,0,0,1,0,0
0,0,0,0,0,0,0,0,0,0,0,1,0,0,0
0,0,0,0,0,0,0,0,0,1,0,0,0,0,1
0,0,0,0,0,0,0,0,0,0,0,0,0,1,0
578,4
0,1,0,0
1,0,1,1
0,1,0,0
0,1,0,0
579,4
0,1,0,0
1,0,1,1
0,1,0,0
0,1,0,0
580,7
0,1,0,0,0,0,0
1,0,1,0,0,0,0
0,1,0,1,0,0,0
0,0,1,0,1,0,0
0,0,0,1,0,1,0
0,0,0,0,1,0,1
0,0,0,0,0,1,0
581,7
0,1,0,0,0,0,0
1,0,1,0,0,0,0
0,1,0,1,0,0,0
0,0,1,0,1,0,0
0,0,0,1,0,1,0
0,0,0,0,1,0,1
0,0,0,0,0,1,0
582,11
0,1,0,0,0,0,0,0,0,0,0
1,0,1,0,0,0,0,0,0,0,0
0,1,0,1,0,0,0,0,0,0,0
0,0,1,0,1,0,0,0,0,0,0
0,0,0,1,0,1,0,0,1,0,0
0,0,0,0,1,0,1,1,0,0,0
0,0,0,0,0,1,0,0,0,0,0
0,0,0,0,0,1,0,0,0,0,0
0,0,0,0,1,0,0,0,0,1,1
0,0,0,0,0,0,0,0,1,0,0
0,0,0,0,0,0,0,0,1,0,0
583,11
0,1,0,0,0,0,0,0,0,0,0
1,0,1,0,0,0,0,0,0,0,0
0,1,0,1,0,0,0,0,0,0,0
0,0,1,0,1,0,0,0,0,1,0
0,0,0,1,0,1,0,0,0,0,0
0,0,0,0,1,0,1,1,1,0,0
0,0,0,0,0,1,0,0,0,0,0
0,0,0,0,0,1,0,0,0,0,0
0,0,0,0,0,1,0,0,0,0,0
0,0,0,1,0,0,0,0,0,0,1
0,0,0,0,0,0,0,0,0,1,0
584,8
0,1,0,0,0,0,0,0
1,0,1,1,0,0,0,0
0,1,0,0,0,0,0,0
0,1,0,0,1,0,0,0
0,0,0,1,0,1,1,1
0,0,0,0,1,0,0,0
0,0,0,0,1,0,0,0
0,0,0,0,1,0,0,0
585,9
0,1,0,0,0,0,0,0,0
1,0,1,0,0,0,0,0,0
0,1,0,1,0,0,0,0,0
0,0,1,0,1,0,0,0,0
0,0,0,1,0,1,0,0,0
0,0,0,0,1,0,1,0,0
0,0,0,0,0,1,0,1,0
0,0,0,0,0,0,1,0,1
0,0,0,0,0,0,0,1,0
586,12
0,1,0,0,0,0,0,0,0,0,0,0
1,0,1,0,0,0,0,0,0,0,0,0
0,1,0,1,0,0,0,0,0,0,0,0
0,0,1,0,1,0,0,0,0,0,0,0
0,0,0,1,0,1,0,1,0,0,0,0
0,0,0,0,1,0,1,0,0,0,0,0
0,0,0,0,0,1,0,0,0,0,0,0
0,0,0,0,1,0,0,0,1,0,0,0
0,0,0,0,0,0,0,1,0,1,0,0
0,0,0,0,0,0,0,0,1,0,1,0
0,0,0,0,0,0,0,0,0,1,0,1
0,0,0,0,0,0,0,0,0,0,1,0
587,7
0,1,0,0,0,0,0
1,0,1,0,0,0,0
0,1,0,1,0,0,0
0,0,1,0,1,0,0
0,0,0,1,0,1,0
0,0,0,0,1,0,1
0,0,0,0,0,1,0
588,4
0,1,0,0
1,0,1,1
0,1,0,0
0,1,0,0
589,6
0,1,0,0,0,0
1,0,1,0,1,0
0,1,0,1,0,0
0,0,1,0,0,0
0,1,0,0,0,1
0,0,0,0,1,0
590,4
0,1,1,1
1,0,0,0
1,0,0,0
1,0,0,0
591,4
0,1,0,0
1,0,1,1
0,1,0,0
0,1,0,0
592,5
0,1,0,0,0
1,0,1,0,0
0,1,0,1,1
0,0,1,0,0
0,0,1,0,0
593,6
0,1,0,0,0,0
1,0,1,0,0,0
0,1,0,1,0,0
0,0,1,0,1,0
0,0,0,1,0,1
0,0,0,0,1,0
594,2
0,1
1,0
595,5
0,1,0,0,0
1,0,1,1,1
0,1,0,0,0
0,1,0,0,0
0,1,0,0,0
596,10
0,1,0,0,0,0,0,0,0,0
1,0,1,1,0,0,0,0,0,0
0,1,0,0,0,0,0,0,0,0
0,1,0,0,1,0,0,0,0,0
0,0,0,1,0,1,0,0,0,0
0,0,0,0,1,0,1,0,0,0
0,0,0,0,0,1,0,1,1,0
0,0,0,0,0,0,1,0,0,0
0,0,0,0,0,0,1,0,0,1
0,0,0,0,0,0,0,0,1,0
597,3
0,1,0
1,0,1
0,1,0
598,8
0,1,0,0,0,0,0,0
1,0,1,0,0,0,0,0
0,1,0,1,0,0,0,0
0,0,1,0,1,0,0,0
0,0,0,1,0,1,0,0
0,0,0,0,1,0,1,0
0,0,0,0,0,1,0,1
0,0,0,0,0,0,1,0
599,4
0,1,0,1
1,0,0,0
0,0,0,1
1,0,1,0
600,6
0,1,0,0,0,0
1,0,1,0,0,0
0,1,0,1,0,0
0,0,1,0,1,0
0,0,0,1,0,1
0,0,0,0,1,0
601,6
0,1,0,0,0,0
1,0,1,1,0,0
0,1,0,0,0,0
0,1,0,0,1,0
0,0,0,1,0,1
0,0,0,0,1,0
602,6
0,1,0,0,0,0
1,0,1,0,0,0
0,1,0,1,1,1
0,0,1,0,0,0
0,0,1,0,0,0
0,0,1,0,0,0
603,3
0,1,0
1,0,1
0,1,0
604,5
0,1,0,0,0
1,0,1,0,0
0,1,0,1,0
0,0,1,0,1
0,0,0,1,0
605,4
0,1,0,0
1,0,1,0
0,1,0,1
0,0,1,0
606,5
0,1,0,0,0
1,0,1,1,0
0,1,0,0,0
0,1,0,0,1
0,0,0,1,0
607,5
0,1,0,0,0
1,0,1,1,1
0,1,0,0,0
0,1,0,0,0
0,1,0,0,0
608,2
0,1
1,0
609,3
0,1,1
1,0,0
1,0,0
610,5
0,1,0,0,1
1,0,0,0,0
0,0,0,1,1
0,0,1,0,0
1,0,1,0,0
611,4
0,1,0,1
1,0,1,0
0,1,0,0
1,0,0,0
612,6
0,1,0,0,0,0
1,0,1,0,0,0
0,1,0,1,0,0
0,0,1,0,1,0
0,0,0,1,0,1
0,0,0,0,1,0
613,6
0,1,0,0,0,0
1,0,1,0,0,0
0,1,0,1,0,0
0,0,1,0,1,0
0,0,0,1,0,1
0,0,0,0,1,0
614,3
0,1,1
1,0,0
1,0,0
615,10
0,1,0,0,0,0,0,0,0,0
1,0,1,1,0,0,1,0,0,0
0,1,0,0,0,0,0,0,0,0
0,1,0,0,1,1,0,0,0,0
0,0,0,1,0,0,0,0,0,0
0,0,0,1,0,0,0,0,0,0
0,1,0,0,0,0,0,1,0,0
0,0,0,0,0,0,1,0,1,1
0,0,0,0,0,0,0,1,0,0
0,0,0,0,0,0,0,1,0,0
616,3
0,1,0
1,0,1
0,1,0
617,11
0,1,0,0,0,0,0,0,0,0,0
1,0,1,0,0,0,0,0,0,0,0
0,1,0,1,0,0,0,0,0,0,0
0,0,1,0,1,1,0,0,1,0,0
0,0,0,1,0,0,0,0,0,0,0
0,0,0,1,0,0,1,0,0,0,0
0,0,0,0,0,1,0,1,0,0,0
0,0,0,0,0,0,1,0,0,0,0
0,0,0,1,0,0,0,0,0,1,0
0,0,0,0,0,0,0,0,1,0,1
0,0,0,0,0,0,0,0,0,1,0
618,6
0,1,0,0,0,1
1,0,1,1,1,0
0,1,0,0,0,0
0,1,0,0,0,0
0,1,0,0,0,0
1,0,0,0,0,0
619,9
0,1,0,0,0,0,0,0,0
1,0,1,0,0,0,0,0,0
0,1,0,1,0,0,0,0,0
0,0,1,0,1,0,0,0,0
0,0,0,1,0,1,0,0,0
0,0,0,0,1,0,1,0,0
0,0,0,0,0,1,0,1,1
0,0,0,0,0,0,1,0,0
0,0,0,0,0,0,1,0,0
620,4
0,1,0,0
1,0,1,0
0,1,0,1
0,0,1,0
621,3
0,1,0
1,0,1
0,1,0
622,5
0,1,0,0,0
1,0,1,1,1
0,1,0,0,0
0,1,0,0,0
0,1,0,0,0
623,4
0,1,0,0
1,0,1,0
0,1,0,1
0,0,1,0
624,4
0,0,0,1
0,0,1,0
0,1,0,1
1,0,1,0
625,5
0,1,0,0,0
1,0,1,0,0
0,1,0,1,0
0,0,1,0,1
0,0,0,1,0
626,3
0,1,0
1,0,1
0,1,0
627,4
0,1,0,0
1,0,1,1
0,1,0,0
0,1,0,0
628,4
0,1,0,0
1,0,1,0
0,1,0,1
0,0,1,0
629,5
0,0,0,0,1
0,0,1,0,0
0,1,0,1,0
0,0,1,0,1
1,0,0,1,0
630,7
0,1,0,0,0,0,0
1,0,1,0,0,0,1
0,1,0,1,1,1,0
0,0,1,0,0,0,0
0,0,1,0,0,0,0
0,0,1,0,0,0,0
0,1,0,0,0,0,0
631,4
0,1,0,0
1,0,1,0
0,1,0,1
0,0,1,0
632,3
0,1,0
1,0,1
0,1,0
633,3
0,1,0
1,0,1
0,1,0
634,7
0,1,1,1,1,1,1
1,0,0,0,0,0,0
1,0,0,0,0,0,0
1,0,0,0,0,0,0
1,0,0,0,0,0,0
1,0,0,0,0,0,0
1,0,0,0,0,0,0
635,8
0,1,0,0,0,0,0,0
1,0,1,0,0,0,0,0
0,1,0,1,0,0,0,0
0,0,1,0,1,0,0,0
0,0,0,1,0,1,0,0
0,0,0,0,1,0,1,0
0,0,0,0,0,1,0,1
0,0,0,0,0,0,1,0
636,7
0,1,0,0,0,0,0
1,0,1,0,0,0,0
0,1,0,1,0,0,0
0,0,1,0,1,0,0
0,0,0,1,0,1,0
0,0,0,0,1,0,1
0,0,0,0,0,1,0
637,14
0,1,0,0,0,0,0,0,0,0,0,0,0,0
1,0,1,0,0,0,0,0,0,0,0,0,0,0
0,1,0,1,0,0,0,0,0,0,0,0,0,0
0,0,1,0,1,1,0,0,1,0,0,0,0,0
0,0,0,1,0,0,0,0,0,0,0,0,0,0
0,0,0,1,0,0,1,0,0,0,0,0,0,0
0,0,0,0,0,1,0,1,0,0,0,0,0,0
0,0,0,0,0,0,1,0,0,0,0,0,0,0
0,0,0,1,0,0,0,0,0,1,0,0,0,0
0,0,0,0,0,0,0,0,1,0,1,1,0,0
0,0,0,0,0,0,0,0,0,1,0,0,0,0
0,0,0,0,0,0,0,0,0,1,0,0,1,1
0,0,0,0,0,0,0,0,0,0,0,1,0,0
0,0,0,0,0,0,0,0,0,0,0,1,0,0
638,9
0,1,0,0,0,0,0,0,0
1,0,1,0,0,0,0,0,0
0,1,0,1,0,0,0,0,0
0,0,1,0,1,0,0,0,0
0,0,0,1,0,1,0,0,0
0,0,0,0,1,0,1,0,0
0,0,0,0,0,1,0,1,0
0,0,0,0,0,0,1,0,1
0,0,0,0,0,0,0,1,0
639,5
0,0,0,0,1
0,0,1,0,0
0,1,0,1,0
0,0,1,0,1
1,0,0,1,0
640,3
0,1,1
1,0,0
1,0,0
641,8
0,1,0,0,0,0,0,0
1,0,1,0,0,0,0,0
0,1,0,1,0,0,0,0
0,0,1,0,1,0,0,0
0,0,0,1,0,1,0,0
0,0,0,0,1,0,1,0
0,0,0,0,0,1,0,1
0,0,0,0,0,0,1,0
642,6
0,1,0,0,0,0
1,0,1,0,0,0
0,1,0,1,0,0
0,0,1,0,1,0
0,0,0,1,0,1
0,0,0,0,1,0
